caso,H,n_aciertos
1,0.929774512674014,6
2,0.9366071299970986,7
3,0.9203935904422322,8
4,0.8915511633659858,3
1,0.9389638445349913,10
2,0.9466604966268477,3
3,0.9806839254581762,13
4,0.9399127896950602,4
1,0.9498640823376369,7
2,0.870461272467689,3
3,0.9459965025878432,14
4,0.9386368903923936,10
1,0.92872706408916,9
2,0.9934705312053385,8
3,0.9829360322556019,15
4,0.9224224649758227,2
1,0.9381518981891284,10
2,0.9452583731944679,6
3,0.9341972926299291,8
4,0.9427534081432908,8
1,0.9524889487239452,9
2,0.9789202875538991,5
3,0.8631283045700503,13
4,0.9800770890239654,8
1,0.8855887976975596,10
2,0.9784181957321524,6
3,0.9729375180929606,15
4,0.926913626800892,6
1,0.947636622984662,8
2,0.9734203533324607,6
3,0.9095952743376852,13
4,0.91872228171066594,3
1,0.9806421461338244,9
2,0.956591528991872,6
3,0.9583546522596144,15
4,0.9157786668828412,10
1,0.9610650129760187,10
2,0.9773756411438255,5
3,0.9372147653995299,13
4,0.8986217029040665,4
1,0.93512771288083,7
2,0.9906115027825408,8
3,0.9620192862577653,15
4,0.9432373498115806,2
1,0.9772929586067342,7
2,0.942882176472898,5
3,0.9533273989795461,11
4,0.8093154907457933,4
1,0.9286634507775463,8
2,0.9390721009425304,4
3,0.9417625603665641,12
4,0.9182782256469032,4
1,0.9391430887424548,9
2,0.9122567038438386,7
3,0.9343040177897234,13
4,0.9359799830386599,8
1,0.9143599141157305,8
2,0.9433395621472768,7
3,0.9249500705052748,13
4,0.9727709352013589,8
1,0.8971027337344062,8
2,0.9255414459074873,6
3,0.901786429493075,13
4,0.9652109499758116,8
1,0.9268573951416668,10
2,0.9625817921760826,6
3,0.9837902630153819,15
4,0.9612625348720084,8
1,0.9722353102573085,9
2,0.9311775097934933,7
3,0.9407529570387276,9
4,0.9173186436608222,9
1,0.926512817109327,9
2,0.9764244304277772,6
3,0.9565625243895152,14
4,0.9409320158795321,3
1,0.9937817796747654,8
2,0.9601369516091608,5
3,0.9536832153511862,11
4,0.882219383853799,8
1,0.9852151221393245,10
2,0.9261039895221818,7
3,0.9153710494039219,12
4,0.8672439118220447,4
1,0.9006761639130463,10
2,0.9365944081696627,4
3,0.9700604764575599,15
4,0.9040577243414073,4
1,0.9785980000459432,9
2,0.9652249491062814,6
3,0.9356894933107475,13
4,0.9813127892174554,5
1,0.9067079318780004,10
2,0.9391807351601875,7
3,0.9568092095504941,13
4,0.9647113775887731,7
1,0.9684383035477856,10
2,0.9570579994196482,5
3,0.8784909939393214,12
4,0.9566872369167947,8
1,0.9718132269310957,8
2,0.9168679994924795,4
3,0.9794358583844867,15
4,0.9736761677478437,9
1,0.9518610919856276,9
2,0.9491038780670986,4
3,0.9560390255096716,12
4,0.9469756871291107,5
1,0.9702102970446236,10
2,0.9290588151598659,7
3,0.9172475892031423,13
4,0.9705118695369761,8
1,0.9713643854768271,9
2,0.9178553858797827,6
3,0.929050024965665,9
4,0.9388679042547271,3
1,0.9859406988629892,10
2,0.908349495649764,7
3,0.95948881852536,12
4,0.9461282096792784,6
1,0.947018250890901,9
2,0.9715776778321933,2
3,0.9378125358372615,15
4,0.8898349125651255,7
1,0.8908987251561475,10
2,0.9067764884643368,3
3,0.9802037891553891,14
4,0.9960547565220674,9
1,0.891000432335987,9
2,0.9601069917827442,2
3,0.9714622204898145,15
4,0.9243327747355338,8
1,0.9543013354245017,8
2,0.9338517068183916,8
3,0.9183276607259608,15
4,0.9643094895843278,7
1,0.9576776844836589,9
2,0.9807729207388818,6
3,0.9028572602367648,13
4,0.9331367087697483,4
1,0.9197869012875406,10
2,0.9731716849213708,4
3,0.9549922560049918,14
4,0.9904826862469359,10
1,0.9250571337325578,8
2,0.9650519449943002,5
3,0.9523998258126721,12
4,0.9234307360509983,8
1,0.9492402804504602,10
2,0.9621055712276867,5
3,0.9186958795739566,10
4,0.9662667307334066,5
1,0.9767479419009762,10
2,0.9457517904318243,6
3,0.9670946559013366,15
4,0.995112488408549,8
1,0.9492233377275482,8
2,0.9601380312945295,2
3,0.8632779095525873,15
4,0.9104081838940011,9
1,0.9431141999756826,9
2,0.9640338481483207,6
3,0.9737551466307086,12
4,0.9795535865526952,8
1,0.9332141730485096,8
2,0.9340798240847122,6
3,0.902808668280801,15
4,0.9518470969231851,8
1,0.918537564338083,9
2,0.9426787887942599,8
3,0.8886310743283001,13
4,0.9081907603537076,8
1,0.9089093124307389,10
2,0.9299880387497835,7
3,0.95134593618210594,13
4,0.9153533121437235,3
1,0.9222429990971923,9
2,0.9648955961863951,5
3,0.9818384675574762,12
4,0.912576105394748,6
1,0.9156406224771206,10
2,0.8708233242685697,4
3,0.9748215011001908,15
4,0.9288550767909035,10
1,0.9842108710735749,9
2,0.9365849605503528,7
3,0.9216375173889445,15
4,0.9635375561277597,8
1,0.9278091009413526,8
2,0.9899204817200886,4
3,0.9608959933783814,15
4,0.9109661420295365,7
1,0.9240212978224247,9
2,0.9571315939810028,4
3,0.9900532855539338,12
4,0.9880726960454507,9
1,0.9023165407804508,10
2,0.9608135924982844,6
3,0.9490568577436785,14
4,0.9037159024497965,9
1,0.9545156458212689,9
2,0.9454809785816909,7
3,0.929169090804224,14
4,0.9734249972713396,8
1,0.919381856220785,9
2,0.9772941198151246,4
3,0.9212239387203244,15
4,0.8886333656906573,8
1,0.9538396968875477,9
2,0.9901009675584432,6
3,0.8594078991198237,13
4,0.9522681584504654,9
1,0.9764186383550383,10
2,0.9472122901670248,7
3,0.9004171408167735,12
4,0.8839488741620655,9
1,0.9521299095582136,9
2,0.9361130100624951,5
3,0.9259862369124522,15
4,0.9739465021224364,9
1,0.9272577867848687,8
2,0.9438355409342164,5
3,0.9531089501387381,13
4,0.9341464047834696,8
1,0.953643172102846,9
2,0.9251336440914403,4
3,0.9225926124088426,13
4,0.9200482623101776,3
1,0.9176347944055827,10
2,0.9375176015718627,3
3,0.9793820150605256,13
4,0.9604936625719719,5
1,0.8865802988926985,10
2,0.9666476859823279,5
3,0.9278927058184321,13
4,0.9468384211520887,9
1,0.976562639108464,8
2,0.8933542750250397,6
3,0.9091837958923443,15
4,0.9013487225883346,9
1,0.9350046641299211,10
2,0.9598156663392793,4
3,0.9564453169939303,13
4,0.886434597709554,2
1,0.9436401967078587,7
2,0.9547818744451989,7
3,0.9135976932933949,13
4,0.9742662867625489,8
1,0.9080947611040532,10
2,0.9790505506516005,5
3,0.9382671704281975,15
4,0.9246847609383424,2
1,0.955717453471109,10
2,0.9258042048751253,6
3,0.9339464167242273,8
4,0.9288429575471775,8
1,0.8984589923306338,10
2,0.9102087619181808,3
3,0.9583079166462272,14
4,0.9588010685354911,8
1,0.8982462284128319,8
2,0.9565394103881597,8
3,0.9531289326996272,7
4,0.9458680300231713,10
1,0.9591366319110772,10
2,0.8955346050895882,5
3,0.9371109389598524,13
4,0.9020901643140464,5
1,0.9234478906688066,10
2,0.8740591714700133,4
3,0.936216945423056,14
4,0.9790171367947262,8
1,0.9331085122744806,8
2,0.9595455575073305,3
3,0.9526951502027101,13
4,0.9254005767270164,2
1,0.8938401269899103,10
2,0.9683409091791438,9
3,0.9880394020550984,13
4,0.9313939191453334,2
1,0.9689009443364553,8
2,0.9438857600828199,6
3,0.9531346947411221,11
4,0.9569222753964679,6
1,0.9667645091129253,8
2,0.941133869461199,5
3,0.9556883069302795,13
4,0.9689318722863357,10
1,0.9571826153848546,8
2,0.9013257079063979,5
3,0.8867944836356667,15
4,0.9881123112792334,8
1,0.92961861749203345,10
2,0.9369149628588763,4
3,0.9789088311746249,15
4,0.9688903280375758,4
1,0.8960687500637053,10
2,0.9801597684347263,6
3,0.8691073298234628,13
4,0.9163541025628688,5
1,0.8929305158071411,6
2,0.9513095798218302,6
3,0.9800047253835513,15
4,0.9781955603662793,9
1,0.9426253140854912,10
2,0.9161432035080126,3
3,0.9300136909168174,13
4,0.9630400634785673,7
1,0.9181351242251222,9
2,0.9760763352416384,6
3,0.9277218348755693,13
4,0.9644393673687822,3
1,0.9892174570270571,9
2,0.8796741356838543,8
3,0.863356406244117,11
4,0.9777468815477672,5
1,0.9286432722670813,10
2,0.935735490833582,7
3,0.9824492399509958,13
4,0.9516135599103189,10
1,0.965827064134699,10
2,0.9407843604388382,5
3,0.9612559268745838,13
4,0.9482286604554568,6
1,0.876179096631655,10
2,0.9591374682714706,4
3,0.9415820250180584,13
4,0.954130386942004,8
1,0.9627384974064249,10
2,0.9751601804026995,3
3,0.9048701867302463,13
4,0.9522321523210823,4
1,0.9761930109189758,8
2,0.9502012654795252,6
3,0.8979873637420652,12
4,0.9562885615071304,2
1,0.9546127478836299,10
2,0.9265727105773723,7
3,0.9890652920337334,13
4,0.927643639582932,6
1,0.9225563695997949,10
2,0.9021399133233543,6
3,0.9283993686055286,13
4,0.9296107979772611,8
1,0.9216669073279309,8
2,0.9886560722122889,6
3,0.9237412212305959,12
4,0.9051854113462132,10
1,0.9510652667958437,10
2,0.9823442822436905,7
3,0.976129990205021,10
4,0.9184923587178743,10
1,0.9635393156847836,9
2,0.981984547269909,7
3,0.8997552165757672,15
4,0.9706877434385724,10
1,0.9564282347251684,7
2,0.9771638264245089,6
3,0.9790756757481339,13
4,0.86979771102131,10
1,0.8834608947442725,10
2,0.9658481914552779,6
3,0.9556453514297423,15
4,0.8949585555806131,4
1,0.9113406553630942,9
2,0.9657003206163707,8
3,0.9285923419416687,11
4,0.9045444768008326,8
1,0.9144511694499394,8
2,0.8786669186674767,6
3,0.9841848730129118,15
4,0.9574991894351723,8
1,0.9772113024861736,10
2,0.9240707814169079,4
3,0.9642568309025311,15
4,0.9481187223011512,7
1,0.9718225725540469,10
2,0.9478370189462153,7
3,0.9778400703698461,14
4,0.8382894512427573,3
1,0.8855944244045857,10
2,0.9719238269867587,4
3,0.9586596925672255,13
4,0.9135277658617997,7
1,0.9651963587669755,8
2,0.9202419603327281,8
3,0.9751870633425724,13
4,0.9206993482547081,6
1,0.914409851386026,9
2,0.9152063659407099,7
3,0.9462464281473465,12
4,0.9207782172552038,8
1,0.9210351471787862,10
2,0.934114094515676,6
3,0.9848330831375461,13
4,0.9490075543086282,2
1,0.9163240266273549,9
2,0.9072855310015278,4
3,0.9340227547510431,12
4,0.9725108989613985,8
1,0.919678109132859,8
2,0.9756798002335826,6
3,0.9244841953675448,11
4,0.9760903667610578,8
1,0.9580567248000563,10
2,0.8997592252865412,7
3,0.983498543232751,15
4,0.9253016272004265,5
1,0.8944108540276601,6
2,0.9790694441446932,7
3,0.907431873891855,10
4,0.9730937233276516,7
1,0.9686268146001135,10
2,0.9560743313210437,6
3,0.9293447764918648,13
4,0.9824431997167419,8
1,0.9754984488518482,10
2,0.8967683558211709,4
3,0.9813085428876916,13
4,0.9260785439482104,2
1,0.9216996497574305,8
2,0.9748444601178591,5
3,0.9299354672033635,13
4,0.9130836053707121,5
1,0.9443677064197508,10
2,0.9482380755167196,7
3,0.9697309016929835,13
4,0.9470189929939553,3
1,0.9213777705496184,10
2,0.929220473495304,6
3,0.937059808455792,15
4,0.9579526869382804,2
1,0.9238454417936572,10
2,0.9147861004070951,2
3,0.9440252555087867,13
4,0.9622984265385253,7
1,0.9584701243939208,7
2,0.9466162665447522,8
3,0.9163823533630936,12
4,0.9500876099173264,6
1,0.9473128733488959,8
2,0.9787470687891118,5
3,0.9087471612256467,14
4,0.9763908071265468,8
1,0.9342608426139295,8
2,0.9775623268794791,4
3,0.9193148499242052,15
4,0.8862816630305393,7
1,0.9677386619728465,10
2,0.8892421621091369,4
3,0.9879105737949805,13
4,0.916802425329842,4
1,0.9391406725923398,9
2,0.9228063674094074,4
3,0.9442955462149502,13
4,0.9370828130236668,5
1,0.9662644231657043,8
2,0.9647456938608919,7
3,0.9218443662973317,13
4,0.9085372620066727,10
1,0.9386340648553672,8
2,0.9435022656553878,4
3,0.9577352954707085,13
4,0.9446673130873122,6
1,0.9099127882559727,8
2,0.9341192631230267,4
3,0.9084754031970651,13
4,0.9564902725820394,5
1,0.9565634067152817,8
2,0.9433917337544789,6
3,0.9198041308930651,9
4,0.9784337099998128,5
1,0.9016499974149195,10
2,0.9200957557261197,2
3,0.9174861261036793,14
4,0.9367134216858339,8
1,0.9101434413438665,9
2,0.9715255648647888,7
3,0.9780248678703752,13
4,0.9599526372336786,8
1,0.9583816574257009,7
2,0.9465087940147698,7
3,0.9389398022171921,12
4,0.9012113175737394,6
1,0.9853589875276892,9
2,0.9351257613709492,4
3,0.9311771416990864,15
4,0.8994185548085439,3
1,0.9675465401575225,5
2,0.950259933751588,4
3,0.9012287309339398,15
4,0.9823105080421952,9
1,0.9739154687338748,10
2,0.9813819287942419,5
3,0.913907489550347,13
4,0.8776320716357426,8
1,0.9778764323305569,9
2,0.8903382674440369,5
3,0.9615117122092206,13
4,0.9462151268636031,8
1,0.9957084021032282,8
2,0.9735508925803329,6
3,0.9612740970615832,13
4,0.9017561540041141,6
1,0.9652861481209133,9
2,0.9625500396713262,6
3,0.9781338518926558,13
4,0.8955894279306147,8
1,0.9790788412025786,10
2,0.9364758747971362,7
3,0.9375512842256963,13
4,0.897369210327711,8
1,0.9363957597358519,7
2,0.9445755940828979,6
3,0.9775748588058438,15
4,0.9662924735437832,7
1,0.9609127634872042,10
2,0.968387041425971,5
3,0.8972093072166025,14
4,0.90787219537473,10
1,0.9876751581440485,10
2,0.880764030902566,6
3,0.9516172960763088,13
4,0.9803645267858507,5
1,0.9613693049546693,7
2,0.9653440990506813,7
3,0.9394904738012326,12
4,0.8965450851308426,4
1,0.9660963217077871,10
2,0.9177081564505889,7
3,0.9689097178450399,13
4,0.948607424618037,8
1,0.9516662763302426,9
2,0.9740858020354374,4
3,0.9204822817982468,15
4,0.9484521009620798,4
1,0.9003465517991548,10
2,0.9827775739142872,7
3,0.9499540145775792,13
4,0.986765537761681,3
1,0.8761755992854784,10
2,0.9885498145366657,5
3,0.9226919787475019,12
4,0.9155753649422836,4
1,0.9680199166319152,9
2,0.9605887799793964,7
3,0.9249654031406002,11
4,0.9518213566627854,7
1,0.9960258424027922,9
2,0.915529525285675,6
3,0.9313014965904379,9
4,0.9476119097170346,7
1,0.9688910165309239,10
2,0.9108316403948326,4
3,0.8766889157624931,13
4,0.9332302604937505,6
1,0.9253042738635846,8
2,0.952930168524171,6
3,0.9647032883946114,14
4,0.9325521493946934,9
1,0.9607338643005164,8
2,0.9879332801032792,3
3,0.9703162998148127,13
4,0.9392905953512913,9
1,0.965602279918811,9
2,0.9185987595779622,3
3,0.9284564348749188,12
4,0.9714832854360784,8
1,0.9929174449022458,9
2,0.8538616243980334,4
3,0.9437980753275845,13
4,0.9478185767705999,10
1,0.985837017702687,10
2,0.9293164240241035,5
3,0.9174539089899296,15
4,0.9630215376894459,8
1,0.9352344249999202,10
2,0.9502813728778708,2
3,0.9278608806751828,15
4,0.9226468151059491,8
1,0.9929412235400981,10
2,0.9294777722512668,5
3,0.9325189356149729,11
4,0.9448322443083167,8
1,0.9816936800829856,10
2,0.9235194559775065,10
3,0.8754885183857996,15
4,0.9402047325388263,2
1,0.8609762156582369,9
2,0.9768910905316784,6
3,0.9619446007730182,13
4,0.9083585812442398,7
1,0.9504175669737405,8
2,0.9717272474311167,5
3,0.8777026127903472,10
4,0.9852206115445837,10
1,0.9237337339154919,10
2,0.8980735126018132,8
3,0.9596261844438367,12
4,0.970392031532809,7
1,0.939069286694291,10
2,0.9837851944048971,8
3,0.9859908047771261,14
4,0.9240387636347592,2
1,0.923667128641375,6
2,0.9249888066670289,7
3,0.9708546962454813,15
4,0.9627392023985804,5
1,0.994859837699312,8
2,0.9141292682863514,7
3,0.9851264568382482,15
4,0.9030541370760465,8
1,0.9371441740455164,10
2,0.8657152402102819,6
3,0.9734914071657054,14
4,0.9796222602905478,6
1,0.9719961704585776,9
2,0.931661289249773,7
3,0.982468302918755,15
4,0.9361560573151557,9
1,0.9105276258555123,8
2,0.9801722104471938,8
3,0.9397147335250063,14
4,0.9509579043952909,4
1,0.8305221080165981,8
2,0.9012831520073313,7
3,0.9873472392668404,15
4,0.933997898968803,5
1,0.9308554811487065,8
2,0.8939368202043407,6
3,0.9790623356706405,13
4,0.9642302276212934,8
1,0.9621936319386369,10
2,0.969307411796882,7
3,0.950810901150955,12
4,0.8630339202333791,4
1,0.9866703365229118,8
2,0.9480321298703638,8
3,0.9536036541255515,13
4,0.917585270083133,8
1,0.9425493382980681,8
2,0.9129463699457683,7
3,0.9882473113998529,15
4,0.9866685701836628,4
1,0.8932346957454838,7
2,0.976547431954947,3
3,0.9292241400405221,15
4,0.9918749847066727,4
1,0.8652609934658385,10
2,0.9712536221975789,7
3,0.9595449788753063,15
4,0.968229088465801,9
1,0.9406029404774474,10
2,0.9246005164260909,6
3,0.9084021800120866,13
4,0.97631822501797,7
1,0.9112860500956214,7
2,0.9668983997377782,6
3,0.9569037744341343,13
4,0.8971082139770994,6
1,0.9482342290499369,7
2,0.9774582236531965,6
3,0.9840912562005124,15
4,0.8703425738184308,8
1,0.9803784591231787,10
2,0.9043048864000645,4
3,0.9747559200634339,15
4,0.9111672886359515,6
1,0.8720597204370696,10
2,0.9656140373332861,2
3,0.9471198380007885,13
4,0.9976461163643681,7
1,0.9489788592518875,10
2,0.9110380849831017,4
3,0.9319843828556698,11
4,0.9732639612687767,8
1,0.9092686925089012,10
2,0.9488455611950602,3
3,0.9424763320958165,15
4,0.9185404742854654,5
1,0.9677539598365474,9
2,0.8888468350196354,4
3,0.9573900696657475,12
4,0.9674818671806318,4
1,0.9586616993278337,10
2,0.8934059684917817,7
3,0.9442268450829565,13
4,0.9593673667737771,5
1,0.8671014161261753,10
2,0.9479295325332099,4
3,0.9172475892031423,11
4,0.9642105055532315,10
1,0.9077205749144759,10
2,0.9807305121661154,6
3,0.9215655063928935,13
4,0.9891414657111878,5
1,0.9222981559730358,9
2,0.9141443631046877,4
3,0.9757107457107734,14
4,0.9686281633989742,7
1,0.9431951493105419,10
2,0.9070333685291245,4
3,0.944486760735142,13
4,0.9662998701904167,7
1,0.932450002870941,9
2,0.9561392304056983,6
3,0.9675671502234728,15
4,0.9786706669250423,8
1,0.9531817563442193,10
2,0.9641462968198665,5
3,0.8701713243193167,13
4,0.9658735746335313,9
1,0.9709530794853953,10
2,0.9350519334538964,4
3,0.9454290225551862,13
4,0.9436790852583071,5
1,0.933904296379159,10
2,0.9506528269084283,4
3,0.9376995957551262,14
4,0.9624452138931439,8
1,0.9107050535639845,9
2,0.8944880475089494,6
3,0.9878933833754752,15
4,0.9781323674637038,10
1,0.9742922778445098,9
2,0.927324205453026,7
3,0.9599174633880199,15
4,0.938482793867912,6
1,0.9557167336030742,8
2,0.9417154009077576,9
3,0.9313673926395,8
4,0.9656049608082465,2
1,0.9637485491642661,10
2,0.9776013938330909,5
3,0.9792680580310569,15
4,0.9210684886853736,4
1,0.9260950181005921,7
2,0.9328490815047856,3
3,0.9105689603266081,13
4,0.9670497644903335,8
1,0.916805434758755,7
2,0.866247484147714,7
3,0.9365615151607537,15
4,0.9704151569137409,2
1,0.9400405552156887,8
2,0.9612873748461509,5
3,0.9266330717680057,13
4,0.9072675834274224,5
1,0.9524097982188752,8
2,0.9578443343087732,5
3,0.9604255096403017,13
4,0.9123742449195243,7
1,0.9029104569161355,8
2,0.9724804751914451,7
3,0.9578080085426453,15
4,0.9308097297002663,6
1,0.8903252116537959,8
2,0.8769714651492218,4
3,0.9653061331550438,14
4,0.9253013526372768,3
1,0.92674813339262,9
2,0.9632413463030626,7
3,0.9700024203010977,13
4,0.9327546811763804,7
1,0.8994811727300336,10
2,0.9377313773444836,5
3,0.9400868847198193,12
4,0.9483245517675836,10
1,0.9565690982378461,10
2,0.9927132111407234,7
3,0.9519846834269713,15
4,0.9661639617435311,6
1,0.9716092018744014,8
2,0.9388772408149917,7
3,0.9252950259245102,13
4,0.9355808950091812,4
1,0.9696592305271146,10
2,0.9562032789685516,8
3,0.9333727697818761,13
4,0.9675507473737609,8
1,0.9055014052355694,9
2,0.9162083652965228,2
3,0.9634608755073905,15
4,0.9475766004395887,7
1,0.9489381730393274,10
2,0.885184967258462,6
3,0.9230048041728258,10
4,0.9586966222055867,8
1,0.992322104960989,9
2,0.9974372053206396,6
3,0.9144563415736761,14
4,0.9258394019496453,5
1,0.9617371252132247,9
2,0.9096871141062141,5
3,0.9837433263194076,15
4,0.9081212012889505,2
1,0.841908814333128,8
2,0.954674163370314,6
3,0.956753574764361,12
4,0.9889186863597434,6
1,0.9236174386929807,10
2,0.9918395202441403,6
3,0.9498410231739559,13
4,0.9486371581663704,8
1,0.9604382753080118,10
2,0.9730063697478974,4
3,0.9925252716598941,13
4,0.9015972765029822,6
1,0.9379404444041664,10
2,0.8948463566295863,6
3,0.9725457949841448,15
4,0.9479823225252044,5
1,0.9818927420471081,8
2,0.8966059549878761,6
3,0.9185869526494915,12
4,0.9364644471543059,3
1,0.9231759478782072,7
2,0.9713920252588794,6
3,0.956361563078934,12
4,0.9617018417626364,2
1,0.9042058665336248,9
2,0.9591701921738445,8
3,0.9921733768226391,15
4,0.9157788679895353,4
1,0.9583798740671619,10
2,0.9543788176401488,4
3,0.9089304880088251,13
4,0.9295080710201872,8
1,0.9544625284803456,10
2,0.9212329717267705,7
3,0.9544384355715481,15
4,0.9575390584180643,8
1,0.9256744231377197,9
2,0.8887197172863299,4
3,0.9610832172667779,15
4,0.9518213566627854,10
1,0.8943215695340403,7
2,0.9549155056963514,7
3,0.8909297695300642,14
4,0.9353661671034447,9
1,0.9836899437266505,10
2,0.8960827393046854,7
3,0.910663308098626,9
4,0.9434409588769537,2
1,0.9329906639536646,10
2,0.9152905111533481,7
3,0.9590665415761427,13
4,0.9761282442506896,8
1,0.9433977018394001,10
2,0.973544291836309,6
3,0.8944104881775936,13
4,0.9325891444477402,3
1,0.9568471616187878,7
2,0.9320908143120111,5
3,0.9121905198043551,13
4,0.9833155706106882,8
1,0.9220468708785508,7
2,0.9348985764425845,7
3,0.9916273051297093,13
4,0.9911546017588965,6
1,0.9525985009107303,8
2,0.8736723689727172,4
3,0.9425359690412695,15
4,0.9710726536407112,3
1,0.9666532209453492,8
2,0.9144444324692502,4
3,0.9464815257701608,13
4,0.9660101513107987,6
1,0.9730435063107163,8
2,0.9810925364087216,7
3,0.9737368998201331,13
4,0.960970633950278,3
1,0.9520730904092247,8
2,0.9481467957066135,7
3,0.9101918329158435,15
4,0.905713212229376,4
1,0.8822661149261056,10
2,0.8825120539999715,7
3,0.9779225929382847,12
4,0.9789993343558749,3
1,0.9393760768582119,10
2,0.9350167674009476,7
3,0.928959642474537,12
4,0.9351642177227548,2
1,0.9470195483921849,6
2,0.9187238393726325,6
3,0.9641681168767618,13
4,0.9348664427035461,6
1,0.9510455349933807,10
2,0.9874559891043171,8
3,0.9707792300938061,13
4,0.8830264889528818,10
1,0.8866903030931023,7
2,0.9365502964270179,3
3,0.967091882552878,13
4,0.9657866537163557,5
1,0.9265703768539059,9
2,0.961628945034889,9
3,0.9708651029935849,9
4,0.9915036162918635,6
1,0.9357456541263326,7
2,0.9300491680453271,7
3,0.9681697626230994,13
4,0.9562501440405157,4
1,0.9328411069158938,10
2,0.9254231376697717,6
3,0.9387512384182259,10
4,0.9707943942292865,10
1,0.9749567314117968,9
2,0.928296088239578,3
3,0.9679420598211085,15
4,0.9611116263957419,6
1,0.9851440568925323,10
2,0.9640429532779157,2
3,0.9432137348724667,15
4,0.9545205991270583,10
1,0.8938743509578879,8
2,0.9779225929382847,5
3,0.8835206163169038,15
4,0.9910784436378643,8
1,0.8784712979122195,8
2,0.9543709575120961,6
3,0.9797324008861908,13
4,0.9457357145324294,3
1,0.9137707493543876,10
2,0.950519187425014,7
3,0.9333807457566368,15
4,0.8847162455559334,5
1,0.9460996601406216,10
2,0.9783926302968821,6
3,0.9941456248640707,15
4,0.8977850852868565,8
1,0.9217844828681534,9
2,0.9703741001038392,5
3,0.9030684672040298,12
4,0.9770186385738202,9
1,0.9549100128810197,10
2,0.9068877888164721,4
3,0.9578800240319375,13
4,0.913208707845936,7
1,0.8592402098793702,10
2,0.9707655385709794,5
3,0.9823088300174785,13
4,0.9401928759266012,10
1,0.9434467679101193,9
2,0.951655579564957,6
3,0.9582810269237377,12
4,0.9021227070551269,4
1,0.8732933665918791,6
2,0.9615948907975028,7
3,0.9693867387543058,12
4,0.8653832488041315,7
1,0.9224212892283907,10
2,0.9962908991140541,6
3,0.9431288496092407,12
4,0.9362275281636199,3
1,0.9616240378120436,9
2,0.9474335734771204,6
3,0.9727323526959382,13
4,0.9845771970370336,7
1,0.9695620273543457,7
2,0.9711083252811981,6
3,0.9116962783726085,15
4,0.9790783605223536,7
1,0.9330066862174097,10
2,0.8998457124985175,3
3,0.9522304858493831,13
4,0.9664885855457831,4
1,0.9119553321700697,7
2,0.9732680786092001,7
3,0.9673737137823891,13
4,0.8779818939285825,4
1,0.9388482798748411,9
2,0.9523515291232546,3
3,0.868726996510995,14
4,0.9761442340668555,7
1,0.9140787224648181,5
2,0.9700302562359656,5
3,0.9002250086061849,13
4,0.9137072619624641,7
1,0.9816120192181179,10
2,0.8883962338127276,7
3,0.9190688318003727,12
4,0.9503479942117347,2
1,0.9063357670630807,7
2,0.9156094491436553,6
3,0.9338867186821156,13
4,0.9795810503035072,7
1,0.9811580268567112,10
2,0.9260819311001313,7
3,0.9402003343145066,9
4,0.9610306403170399,8
1,0.9170259505577998,8
2,0.9069798076191589,6
3,0.9649041221634287,15
4,0.9185027222630393,10
1,0.8575202115545011,10
2,0.8995106541559627,8
3,0.9755768938301832,12
4,0.9911568311656525,5
1,0.9629557787547797,10
2,0.8771561216417595,5
3,0.9722127011786129,13
4,0.8916790136374062,10
1,0.9502261652958497,8
2,0.9651372663927156,8
3,0.9528990973094866,12
4,0.9389797457666125,5
1,0.9031080394022547,8
2,0.9513134476019337,5
3,0.9210414275394523,15
4,0.9688093838677853,6
1,0.9185109665778225,7
2,0.8919429429122555,4
3,0.9899320801641305,14
4,0.9965678387955068,10
1,0.9699325055156822,8
2,0.9651574678099147,8
3,0.9356905977703935,13
4,0.9553178204009958,6
1,0.9681179147921621,9
2,0.9571456930146179,5
3,0.950306588781063,13
4,0.929234429337115,4
1,0.923253056581531,8
2,0.9092060313129932,7
3,0.9680414631175335,12
4,0.9889661639624499,7
1,0.9186176315967907,10
2,0.9033328267808994,4
3,0.9022232315867117,13
4,0.9471734900944919,4
1,0.9381419027197866,8
2,0.9412014784307803,5
3,0.959392754135547,13
4,0.965104431096151,10
1,0.9056048740422633,10
2,0.9916018721519051,6
3,0.9598703797963509,13
4,0.9334078860081425,8
1,0.9359784862548733,9
2,0.9260294756839343,5
3,0.9309842297371949,14
4,0.9270208013752665,4
1,0.9662911563626055,10
2,0.9666676510811928,6
3,0.9139582465215232,13
4,0.9024944233432992,6
1,0.9074198343858977,9
2,0.9779424406570513,4
3,0.9431920128933184,13
4,0.9104481845214444,4
1,0.8899070110064067,10
2,0.97274472737395,8
3,0.9780716886430623,13
4,0.9379158029558039,2
1,0.9151115602359527,10
2,0.9352910022959696,3
3,0.9193465653751526,15
4,0.9648225630050516,4
1,0.9669197740076654,10
2,0.9446764682029758,7
3,0.9850608056381269,13
4,0.9309401672221641,8
1,0.9730969065083217,10
2,0.945730573379037,6
3,0.9258506556529,13
4,0.8815763251566576,6
1,0.9327185314238116,10
2,0.9362324195023014,5
3,0.9620186668382185,13
4,0.9227437267041384,6
1,0.9895460249176303,10
2,0.9010827703648746,5
3,0.8802245985747702,13
4,0.9160279779983789,4
1,0.8937788553738535,10
2,0.9360620352187977,6
3,0.9662625846680141,13
4,0.9527851894905172,3
1,0.9234518788851396,8
2,0.8783860249333567,7
3,0.941024537277683,12
4,0.9681274732616602,8
1,0.9890969833589803,10
2,0.9288460135341436,6
3,0.9626928330887583,14
4,0.96257689414877,4
1,0.9578373922234503,10
2,0.9543126510635302,7
3,0.9007929483754358,12
4,0.970121610134307,6
1,0.9793447957758784,10
2,0.9087239242939684,5
3,0.9758529131153931,15
4,0.9268693446009095,7
1,0.9303558537026396,10
2,0.9737175905043743,5
3,0.950439889130056,15
4,0.9443444460264354,3
1,0.9914718402044125,10
2,0.979239519779958,7
3,0.9229783869789783,13
4,0.9109537562305499,3
1,0.8584933246592859,8
2,0.957953095132667,6
3,0.936645943457201,10
4,0.9667317853339864,8
1,0.9008570979526628,8
2,0.983044860055571,5
3,0.8853741876257427,14
4,0.9682955101454006,5
1,0.9652418552462311,10
2,0.9436183260988524,7
3,0.9769410742817294,13
4,0.9017408195183153,7
1,0.9285468505736794,10
2,0.9361028776244978,7
3,0.9779308484052921,14
4,0.9467702336309078,9
1,0.9273231855216608,10
2,0.8693261920190435,8
3,0.9604856572683153,13
4,0.9569723401870919,8
1,0.9503269489828959,10
2,0.9479847936604497,6
3,0.8961079968270151,13
4,0.9617134425359195,8
1,0.954745257458073,7
2,0.9090490817312948,7
3,0.9813192930732225,13
4,0.9491394554376287,4
1,0.977441270813165,8
2,0.9698846217575144,5
3,0.8874739764732759,13
4,0.925758930169102,4
1,0.9247472945640484,7
2,0.9403811681533484,4
3,0.9660651048137995,13
4,0.9781134120196359,8
1,0.9726180406647967,10
2,0.9056008115401732,5
3,0.9697916828944736,15
4,0.8837908617140511,4
1,0.9876521426962177,10
2,0.9391800098285885,5
3,0.9311394669618619,15
4,0.989154138758641,10
1,0.9964822680239545,10
2,0.9537089991821893,5
3,0.9334396021214282,12
4,0.9472864764954045,3
1,0.9757477038399218,10
2,0.9573223111200669,7
3,0.9223035377830204,12
4,0.9148672282582802,3
1,0.9505494774422765,8
2,0.8781741199051399,6
3,0.9539055023039246,15
4,0.9944964068555866,4
1,0.9568849766795476,9
2,0.8841870245646744,3
3,0.9487262321462807,12
4,0.9211667948609773,7
1,0.9427568776121283,10
2,0.9021033542706801,5
3,0.9681989775345122,13
4,0.9882128887817612,8
1,0.9794438652151255,10
2,0.9286475002058049,4
3,0.996582909974983,15
4,0.8662731311237443,4
1,0.9512598520340072,10
2,0.9599195584961295,7
3,0.9553404849880964,13
4,0.9574018008539241,8
1,0.9434982045170425,8
2,0.9719077792105828,8
3,0.9499975583797791,13
4,0.8693429108901811,2
1,0.9464401429749377,10
2,0.8844829279567756,4
3,0.9392829485590103,15
4,0.956075115996588,4
1,0.9463747993950418,9
2,0.9817351009118173,4
3,0.9703320739845219,12
4,0.9583586110776245,7
1,0.8831076091857532,10
2,0.9611451838959915,6
3,0.9262985585567026,15
4,0.9236680660827983,8
1,0.9273952115925497,8
2,0.966274633719772,4
3,0.8907135219168292,13
4,0.971232861462151,6
1,0.9818633807239726,8
2,0.8554412807013462,4
3,0.9709731734067777,15
4,0.9912335598939876,9
1,0.9508511247934139,10
2,0.9497133363274248,7
3,0.9541921171439376,13
4,0.9380896126978786,5
1,0.9386667260440948,8
2,0.931018201852185,6
3,0.9243529225352961,15
4,0.9602846540854906,2
1,0.9548705682400241,10
2,0.96960633064851,5
3,0.9931781671990845,15
4,0.987475988655412,10
1,0.9512884984001634,7
2,0.9519462434049708,6
3,0.9326831891281537,13
4,0.9280292012116813,4
1,0.9433196062235234,8
2,0.9026703108580362,7
3,0.9732852746327287,15
4,0.9822395446019131,10
1,0.9888955260831644,10
2,0.8967891534185571,5
3,0.9685431647518409,15
4,0.9552072398633511,9
1,0.9069897402808902,10
2,0.9831109503905545,8
3,0.9609565725502461,15
4,0.9311213043114278,8
1,0.925598372043693,10
2,0.9499705402928564,5
3,0.9341846584020465,13
4,0.9858290221096362,10
1,0.8872536028586653,9
2,0.9573727855622809,4
3,0.9671597199117834,15
4,0.9472861355231313,6
1,0.8996265931383219,8
2,0.8911505353852357,3
3,0.9454961567050151,15
4,0.9388184044254797,6
1,0.9871393468856275,8
2,0.9159103984349751,7
3,0.9355377289164325,13
4,0.9719859011378448,9
1,0.9200182041616852,7
2,0.9375481862386413,6
3,0.9357386560106541,13
4,0.8851097022267446,4
1,0.9435550220695258,8
2,0.9621079217143101,5
3,0.8985491815691775,15
4,0.9165109194710348,6
1,0.9402418673693688,9
2,0.9793458167379624,4
3,0.8887971795562021,8
4,0.9007761222000004,2
1,0.9883664348551784,9
2,0.9338625276615949,4
3,0.9501309888964546,12
4,0.9480080392419722,6
1,0.9559235092236584,10
2,0.9525125938833763,4
3,0.8965956071089477,14
4,0.9412928925589702,2
1,0.9640796105007579,9
2,0.9467899130403922,5
3,0.9779863591842393,13
4,0.9280444093362118,2
1,0.9186277972775482,10
2,0.990166054682279,5
3,0.8578799494244055,13
4,0.9630452136059819,6
1,0.9626254697223865,10
2,0.8872932093157628,5
3,0.9683333039919674,13
4,0.9458486683629476,9
1,0.9738560440159998,8
2,0.9496593578924037,10
3,0.9762864844925353,13
4,0.9141956846660886,2
1,0.930086401305712,10
2,0.9486646028865834,6
3,0.9535095775251702,13
4,0.9377709760810092,5
1,0.9040486551322251,10
2,0.9085791569653949,6
3,0.9582222143427936,14
4,0.8988337775128028,2
1,0.9436942156659756,9
2,0.917794526720346,4
3,0.956215937360965,13
4,0.945359498311237,6
1,0.9450005908150564,10
2,0.9244126242277244,6
3,0.9761282442506896,15
4,0.9228702779127937,4
1,0.9477638013665022,10
2,0.9883916589683851,6
3,0.866378975526377,13
4,0.960817886797607,8
1,0.8747204306789231,7
2,0.944599117156874,7
3,0.9760423445812505,12
4,0.9415796700973836,7
1,0.86517664731563515,10
2,0.9377308318554367,7
3,0.9665333648153515,13
4,0.9845934858075517,5
1,0.9769761461580287,8
2,0.9949011973116486,6
3,0.9584921451995119,15
4,0.9416932930157065,3
1,0.9720985852280842,10
2,0.9242412365455552,7
3,0.9322209076643694,13
4,0.9196304878834232,5
1,0.9188953251806259,9
2,0.8732258156876201,7
3,0.9668277098385634,15
4,0.9154227239735444,2
1,0.9537291002978034,10
2,0.9223324241511748,6
3,0.9264521007153506,11
4,0.9248892617390397,7
1,0.9094605231968583,8
2,0.9276860435623699,5
3,0.9325029148065754,6
4,0.945785533849833,5
1,0.9865406130244065,10
2,0.9664027994635918,7
3,0.9943104044791958,13
4,0.9568760623734958,6
1,0.9704312717694105,8
2,0.9220436859684156,5
3,0.9706192685571624,11
4,0.9611789904687514,9
1,0.9439201295175536,9
2,0.9876804793896011,5
3,0.9559611623489163,15
4,0.8799920618370916,8
1,0.9087983613997394,10
2,0.9172464052567785,8
3,0.9711650412132762,12
4,0.9729758238349969,3
1,0.954928337911778,8
2,0.9638072451499999,6
3,0.9129704553574868,15
4,0.9300128988436732,4
1,0.8910489331580582,8
2,0.909476977391559,6
3,0.9422764220853518,15
4,0.9807330625408,8
1,0.9183177950062932,10
2,0.9788579928945489,6
3,0.9246115656200073,12
4,0.9058536537083842,5
1,0.9572242572458098,10
2,0.9025714257639758,7
3,0.9876950075251292,13
4,0.8740631575609407,4
1,0.9592616846048547,8
2,0.9771715416976028,7
3,0.9745004507485812,11
4,0.9711695421554136,6
1,0.9200310711748975,10
2,0.9350540207908355,6
3,0.9106012860744835,12
4,0.947715465931251,7
1,0.9502973692193516,10
2,0.9193401865072803,5
3,0.9421913993245248,10
4,0.971800600663015,7
1,0.8854215071473914,10
2,0.9943121097395671,6
3,0.9586254275060352,12
4,0.9269018763958016,5
1,0.8811491902710581,10
2,0.9457448096161565,5
3,0.9764965384950548,12
4,0.9810774806364101,10
1,0.9866746205616468,10
2,0.9447671627568894,6
3,0.8889599766618147,14
4,0.9833082515488304,4
1,0.953492637245714,10
2,0.943046956117913,4
3,0.9727449573370885,15
4,0.9134849135666613,2
1,0.881204068824883,8
2,0.9324504077437491,3
3,0.9138044179094323,15
4,0.9737315718820045,8
1,0.9989554171414563,10
2,0.9859129086354774,7
3,0.9489704569938392,12
4,0.8655824590355046,4
1,0.8864339722900684,10
2,0.9471046545767513,4
3,0.9932676442152268,14
4,0.9381381033245155,6
1,0.9086778685951997,10
2,0.9285607618652221,4
3,0.9582548865840933,12
4,0.9261404476637332,6
1,0.9477638013665022,10
2,0.9659548670718492,4
3,0.9543691102958816,15
4,0.9784951704521273,4
1,0.9248892617390397,8
2,0.9197882482554846,8
3,0.9363657699583381,13
4,0.9864003168928359,8
1,0.9672758004640272,8
2,0.9255835921417623,2
3,0.960996140828124,12
4,0.930262331487596,7
1,0.9484323867683575,7
2,0.9469302403036092,6
3,0.9236613998613123,9
4,0.9187323965874137,5
1,0.9423997575509167,9
2,0.9712372086618883,7
3,0.9509998950272428,13
4,0.9816509685494512,3
1,0.9843017777983891,9
2,0.9625091271251671,4
3,0.9270431131087681,13
4,0.8506637565722007,4
1,0.9186741155536927,10
2,0.9046727729961518,5
3,0.9939911050564895,14
4,0.911446597771164,4
1,0.8493569867685596,9
2,0.9510157933380178,2
3,0.984502896487877,13
4,0.9065400365629882,4
1,0.9757520182164594,10
2,0.9744137205575283,7
3,0.9816525606093548,13
4,0.9444720741752349,4
1,0.9532258291100406,10
2,0.9027974135732493,2
3,0.9255668696897641,12
4,0.9686395833970136,5
1,0.9136290045810945,10
2,0.9216854973670993,4
3,0.9436144812799645,13
4,0.992275846450489,10
1,0.9698995494069778,10
2,0.951240011185945,6
3,0.9671776441802704,15
4,0.8887731346433957,5
1,0.9121696999851322,7
2,0.9494522100139635,5
3,0.9933188264988447,13
4,0.9013574973178049,8
1,0.9667167909582205,10
2,0.9516692215397007,5
3,0.9600168200990783,13
4,0.9923426936125799,6
1,0.930426172255864,7
2,0.9825993699125419,6
3,0.9291015673114272,15
4,0.9011805834482118,4
1,0.996582909974983,10
2,0.9505269579565614,8
3,0.907494140166224,14
4,0.9401506821896554,7
1,0.965884802684864,10
2,0.9231391265146331,7
3,0.931279466584356,15
4,0.962982715568836,6
1,0.9453561929447597,7
2,0.8997991282784048,6
3,0.9480117859896953,14
4,0.8818154680626719,3
1,0.9153782119526475,8
2,0.9435383283417137,7
3,0.8950925890832645,15
4,0.9251411836611821,8
1,0.9466471308596124,10
2,0.994155081128701,5
3,0.9171959218278415,12
4,0.9482953330316096,4
1,0.8916813219336467,9
2,0.8941913099515234,6
3,0.966342444017366,14
4,0.9566092225192537,4
1,0.9735986314144299,10
2,0.929716051002728,4
3,0.8611676034862266,15
4,0.9922468733582678,3
1,0.9861803324103792,9
2,0.9396260978785277,8
3,0.9050616000624694,15
4,0.8781119582318682,5
1,0.9344615985199234,8
2,0.9420479157290854,4
3,0.9197419386605457,15
4,0.9540206763170579,8
1,0.9743850576694928,10
2,0.9536550403334072,5
3,0.9786337554897762,15
4,0.9580607978349769,6
1,0.9596869478096162,10
2,0.9454622735285295,6
3,0.9736085117380048,12
4,0.938776319721695,5
1,0.8701818409501534,8
2,0.9074464454922413,7
3,0.9721447339356293,12
4,0.9548529420472789,3
1,0.9063575160772783,10
2,0.9430206343393565,5
3,0.9036449960396239,15
4,0.9898624837256996,2
1,0.9273897328292601,9
2,0.9061195668734536,6
3,0.9373501562407741,12
4,0.9423403342805552,8
1,0.9327255029225497,8
2,0.9391506523002019,4
3,0.8861041072795917,9
4,0.9643361804118402,8
1,0.9004739837010312,10
2,0.9458994943312075,6
3,0.9579625163958025,13
4,0.985815573449661,8
1,0.9559005652666065,10
2,0.9044520117495533,8
3,0.9789039466587459,12
4,0.9537047098382332,9
1,0.944361553419668,7
2,0.9270776058487188,6
3,0.9752490615457134,13
4,0.927203805853639,6
1,0.9752951601256306,8
2,0.938017036865061,4
3,0.9836834922545945,12
4,0.9110020870783214,7
1,0.9449206607704583,10
2,0.9274384230183473,3
3,0.9730162900115624,13
4,0.917661290046481,4
1,0.9246995283534822,7
2,0.9672950728650999,8
3,0.9643494943568588,13
4,0.931961707922976,2
1,0.9433478062116992,8
2,0.944108868319998,5
3,0.8948826407750365,12
4,0.9779255305707922,4
1,0.9383936022049405,10
2,0.9472880563405205,6
3,0.9412978598246698,12
4,0.9691115919399307,4
1,0.9790196826764935,8
2,0.9724680356414991,5
3,0.8750759711552728,13
4,0.9094065100626262,7
1,0.9196332723682008,7
2,0.9483038930361181,7
3,0.9623611307086253,15
4,0.8956430809173431,10
1,0.928342796694622,10
2,0.942171976600017,2
3,0.9110945070248013,13
4,0.9662566224211506,4
1,0.9762398736086172,8
2,0.8818268171010765,5
3,0.9361705307823822,11
4,0.9203968131437769,2
1,0.9867721249744751,10
2,0.9823864115522488,6
3,0.9188762400801179,13
4,0.8856192028461681,10
1,0.8789249618716369,10
2,0.9481983200004545,4
3,0.9172545844173978,12
4,0.9394040728596573,4
1,0.9068464242057658,8
2,0.9256445076245521,4
3,0.9498131453929425,13
4,0.9629445054480137,7
1,0.9249272393419059,10
2,0.8821803538518728,7
3,0.9584921451995119,13
4,0.9735699410334665,5
1,0.9676101065787192,10
2,0.9277218348755693,7
3,0.8928905636201198,12
4,0.9443456300877041,8
1,0.9139965509552348,10
2,0.9306256516415997,2
3,0.9294538757848255,13
4,0.9758757119909353,10
1,0.9707604630705442,10
2,0.9723846972642654,6
3,0.9726856366870806,14
4,0.8738171073332115,7
1,0.9351300941299815,10
2,0.9405553442432022,8
3,0.9695104276237162,15
4,0.8831789768485421,2
1,0.9555108016820507,7
2,0.8653417303996036,5
3,0.9382615820740299,12
4,0.9749333831384874,6
1,0.9653867297566947,9
2,0.9639307290298124,4
3,0.8951672098265049,10
4,0.9968501481911718,10
1,0.9711336180291333,8
2,0.9817433041608635,4
3,0.9538227808843469,13
4,0.9291655924356778,4
1,0.9355989317798069,10
2,0.9058536537083842,2
3,0.9095026362443721,13
4,0.9480820442906368,6
1,0.9014331883943254,10
2,0.9293134166843662,5
3,0.9885710308925089,13
4,0.9030574219791618,7
1,0.885203391809548,9
2,0.96597993862869,7
3,0.974628556769299,13
4,0.9620120288729347,6
1,0.9503013120417588,8
2,0.9869476439786242,5
3,0.8959892153317507,11
4,0.9583722666382402,9
1,0.9543781976485988,9
2,0.9532793077474201,4
3,0.8888583270495175,7
4,0.9647072639173159,8
1,0.9891113835824973,8
2,0.8903252116537959,7
3,0.9181299461766078,12
4,0.9862263271890149,10
1,0.8899436172571177,10
2,0.9282806026697327,3
3,0.9186851370281782,13
4,0.959400865216496,7
1,0.9880497289428708,10
2,0.9466738879591176,5
3,0.975531142196286,14
4,0.9105787080070255,9
1,0.9002410190479996,9
2,0.9858573978036843,2
3,0.957919746640155,11
4,0.92556248788491,3
1,0.9699718695806753,10
2,0.9422182707905917,7
3,0.9829204196228163,14
4,0.9516763949003545,10
1,0.9412246275434445,10
2,0.8542710764938314,4
3,0.9511145375665268,12
4,0.9085882111950243,4
1,0.9606616724516781,9
2,0.888460191516985,2
3,0.9431954986353356,15
4,0.9402003343145066,8
1,0.9591180557516928,10
2,0.8971806551182684,4
3,0.9662584979809604,12
4,0.9800753650946106,4
1,0.9776506981525115,7
2,0.8776007224028533,4
3,0.9422461582002482,15
4,0.9900439494087835,5
1,0.8860615128727519,9
2,0.9838827315413886,6
3,0.9737630021837366,13
4,0.9112838992193404,4
1,0.9320388072519715,9
2,0.9767745699083861,6
3,0.9829575986327288,15
4,0.8975365570328168,6
1,0.9313030175051407,10
2,0.9213557289858879,4
3,0.9238525150499457,13
4,0.9572182570473893,6
1,0.9528082779560089,8
2,0.9808330626855516,2
3,0.9105504538945308,5
4,0.943984368891869,10
1,0.9268378157992564,9
2,0.9253989854848372,6
3,0.990511365760185,13
4,0.9012681171924709,10
1,0.9366030562374033,10
2,0.945949854705878,7
3,0.9663331557189132,14
4,0.9582468173814799,7
1,0.848679905787534,8
2,0.9350072713619509,6
3,0.9761477031691848,14
4,0.9562082727429696,8
1,0.9262658115798936,9
2,0.9512073771018115,7
3,0.9550474388304538,13
4,0.981567549060893,10
1,0.9469639993422505,9
2,0.8958154881481987,4
3,0.8975072501252335,10
4,0.9735993803168762,6
1,0.9506941117284875,7
2,0.955746888051869,7
3,0.8953895259469442,15
4,0.9636072482570305,8
1,0.960996140828124,8
2,0.9066833863616353,4
3,0.9401928759266012,13
4,0.9543286227377151,7
1,0.9437129538357557,8
2,0.9433231690033125,3
3,0.9575179291123478,12
4,0.9512171522497118,9
1,0.960754844452403,9
2,0.8896432651025628,4
3,0.9151158520254206,13
4,0.9715897851360552,10
1,0.9693069653881973,10
2,0.9340492817736674,4
3,0.9221051481655523,9
4,0.9415218591216628,8
1,0.9382764557038946,9
2,0.9224433841705822,2
3,0.96889049224978685,13
4,0.9743371553289378,5
1,0.9549840872106036,9
2,0.9103221597439078,6
3,0.9578281062954593,13
4,0.9416443374545561,7
1,0.909176909564793,8
2,0.8930963328495071,7
3,0.9837782039305074,12
4,0.9664353217679265,8
1,0.9847062598889808,9
2,0.9600867440215236,8
3,0.9711674665925459,13
4,0.9044343963268188,2
1,0.8731501103497847,7
2,0.9274788754534905,8
3,0.968679759347269,13
4,0.9335860511062025,8
1,0.9680200474218288,9
2,0.9301069798892301,6
3,0.9142911650455418,13
4,0.9783433632387188,4
1,0.9811571730336553,9
2,0.965006093700077,5
3,0.91623951704939,12
4,0.9255045624392151,6
1,0.9681904950509501,9
2,0.8664438338892266,2
3,0.9116962783726085,11
4,0.9448732013172196,8
1,0.8845280888430964,6
2,0.991496805441282,3
3,0.9806756370490906,15
4,0.9658363097824395,6
1,0.9023218722670762,8
2,0.8708340229236732,7
3,0.9700745361587277,15
4,0.9653281521785084,6
1,0.9573943532068611,8
2,0.9596152627304385,3
3,0.980576928113821,15
4,0.9213939060897101,10
1,0.9342577318448239,8
2,0.9074935058187296,4
3,0.9766286541208983,13
4,0.9639452744810769,2
1,0.9288194635324846,7
2,0.96154661262798,2
3,0.8536681385945953,11
4,0.9133794001888775,9
1,0.9309137220405846,7
2,0.954774863686261,6
3,0.98432158865203645,15
4,0.8953002340070386,5
1,0.925633916873193,10
2,0.9390469141995794,5
3,0.9959181691659565,15
4,0.9762052029432797,8
1,0.8437633769071088,9
2,0.9794245775375221,8
3,0.9444181966388854,15
4,0.9665081656504905,5
1,0.9393526781040608,10
2,0.9599283651800957,6
3,0.9308834514834127,9
4,0.9529236707746467,5
1,0.9098247488187998,10
2,0.957929803316349,6
3,0.9562229669499587,14
4,0.9581815477028127,6
1,0.931980208594031,10
2,0.958289968801889,4
3,0.9383284379398907,13
4,0.9563016475150807,6
1,0.9351997674305524,8
2,0.9763505366141997,6
3,0.8810120736260407,15
4,0.95390122708185765,8
1,0.9725371247284911,10
2,0.9096301860113782,4
3,0.9790542921228051,15
4,0.9558754416517332,5
1,0.9113524189796288,8
2,0.9553046153103804,2
3,0.924491264079436,13
4,0.9575760918573075,6
1,0.8550470009344208,10
2,0.9005631782153872,2
3,0.9935731830594658,13
4,0.9655680552444453,8
1,0.9668194728467205,10
2,0.9312642882345877,7
3,0.9377670954246867,10
4,0.9173449051927864,7
1,0.9527304782271323,10
2,0.9628086070696443,6
3,0.9229573433728183,11
4,0.8719707679769039,9
1,0.9720241552362122,9
2,0.9199817352382045,5
3,0.9094923469245981,13
4,0.8996074585510772,8
1,0.9797262504190153,10
2,0.9341805559057227,6
3,0.8669081751074346,13
4,0.9641032451323046,9
1,0.9662596634124844,10
2,0.8986028172980989,6
3,0.9417327055632979,14
4,0.9878229465688011,7
1,0.9448401837457187,8
2,0.9151251017643434,6
3,0.9385960154192675,15
4,0.9415423023746416,2
1,0.9256894206951066,7
2,0.911446597771164,4
3,0.9375624176032553,15
4,0.9769089097031962,8
1,0.9519086085127325,7
2,0.8629115490172905,4
3,0.9682714198850707,13
4,0.9817707798178571,6
1,0.9061759128654154,8
2,0.9774977407537307,5
3,0.9655421655132909,15
4,0.946243754538554,2
1,0.9312649318183336,10
2,0.8999158270032956,3
3,0.9514139861756797,13
4,0.9393235906972431,10
1,0.9026615828967146,8
2,0.9315017053725,7
3,0.9606334049233969,15
4,0.921435005977888,4
1,0.9779830746403502,10
2,0.9367762322080323,5
3,0.9110803778306887,12
4,0.9477746500137099,5
1,0.9533127632521287,10
2,0.9267558805701416,5
3,0.9843415707230846,13
4,0.8941277913625596,7
1,0.9194942782409167,7
2,0.9019764367588731,5
3,0.9534967254162494,12
4,0.9371253093906624,5
1,0.9374753570834454,8
2,0.9515490015423554,7
3,0.9011715879543349,14
4,0.9259291167181145,5
1,0.9742787500978302,10
2,0.9257998381445476,4
3,0.9868776690725136,15
4,0.8954731005351118,2
1,0.9563205184263395,9
2,0.922742385940202,7
3,0.9308987083102657,10
4,0.9378756213406036,6
1,0.898318620177855,7
2,0.9950717976940824,4
3,0.9254640742720189,15
4,0.9751671895195624,6
1,0.9633077356872145,8
2,0.977477238595838,7
3,0.9513378403305777,13
4,0.9568714609440431,7
1,0.9371674762078583,10
2,0.9248091838645597,8
3,0.954822045723618,13
4,0.9317185184623665,7
1,0.9167797848281226,10
2,0.9781662054797997,7
3,0.972773424293414,13
4,0.9826274547381125,5
1,0.9647658801641429,9
2,0.9087491298287613,7
3,0.978662764637598,13
4,0.9403724937782424,6
1,0.99496426067621,9
2,0.8816392350863511,3
3,0.9344665195387508,13
4,0.9646626472332215,8
1,0.9841162712891274,10
2,0.9237559270118181,4
3,0.865077902612847,12
4,0.9749610972432634,6
1,0.9892400799898988,8
2,0.9515274174068897,4
3,0.9737380611753458,12
4,0.9224383473578364,9
1,0.9500646591972725,8
2,0.9878691452394366,3
3,0.9796630594129466,15
4,0.9035411399978955,9
1,0.9739595131758259,10
2,0.9806603969552115,7
3,0.868748647674754,12
4,0.9663466018665868,7
1,0.9837822887885136,10
2,0.8927580519400631,4
3,0.8981535261825742,13
4,0.945847351961103,4
1,0.9113548024470376,10
2,0.9058302601744948,6
3,0.9736099318915297,13
4,0.9331496016401831,4
1,0.9932923837052879,7
2,0.8865821291674986,5
3,0.9260270242684089,15
4,0.9944198946909901,10
1,0.930819776379123,10
2,0.952598761851148,6
3,0.9472505353643859,13
4,0.9362764178634881,9
1,0.9896657415314704,7
2,0.9553731189795629,5
3,0.9403386686896109,12
4,0.9165193364505881,6
1,0.9562810995340357,10
2,0.9402818798025169,6
3,0.9274472834539863,14
4,0.9180380537461583,8
1,0.9685903129250021,9
2,0.936148799017585,4
3,0.9247507542112327,15
4,0.9708066520129364,4
1,0.9648468184431537,8
2,0.9446215997416878,8
3,0.9784081442575879,13
4,0.9354467625157155,10
1,0.9769939453733818,8
2,0.9821832548891293,6
3,0.909337929737629,15
4,0.9225352769353939,6
1,0.8660813219039686,10
2,0.9785344428592637,2
3,0.9484385735937713,13
4,0.8803659050064345,2
1,0.933237212251457,10
2,0.9806756370490906,7
3,0.9157630432734128,13
4,0.9546361813099965,7
1,0.9786822271975157,10
2,0.9410514754840966,4
3,0.9113594087439523,15
4,0.9241058441525064,10
1,0.9543656940223937,8
2,0.9600694855775425,7
3,0.9942752363393274,14
4,0.8562969953354163,9
1,0.9801722104471938,10
2,0.9157532083026412,4
3,0.9396384570670001,13
4,0.9332588327891614,3
1,0.9592621932557417,10
2,0.9071782809557446,8
3,0.9692013145470897,15
4,0.9346904316829096,6
1,0.9536678031841314,8
2,0.98836716911842315,7
3,0.9070576855332343,10
4,0.8622735403769087,8
1,0.926994159402415,9
2,0.9834957692467124,4
3,0.9320058262364369,13
4,0.9285825806719321,3
1,0.9300839001809083,10
2,0.9532429173557504,3
3,0.9689557901566797,13
4,0.9646603087981266,5
