variant;ratio
M1775R;1.66
M1775R;1.7
M1775R;1.8
M1775R;1.83
R1699W;6.34
R1699W;7.06
R1699W;7.76
R1699W;8.76
WT;23.5
WT;39.76
WT;52.39
WT;63.64
M1775R;2.23
M1775R;2.36
M1775R;2.39
M1775R;2.44
R1699W;7.45
R1699W;7.92
R1699W;8.39
R1699W;8.95
WT;11.87
WT;12.84
WT;14.27
WT;14.74
M1775R;1.154.513
M1775R;1.174.539
M1775R;1.259.676
M1775R;1.348.856
R1699W;267.153
R1699W;2.886.405
R1699W;3.038.225
R1699W;3.343.834
WT;10.157.074
WT;10.221.632
WT;10.369.214
WT;10.912.431
A1669S;9.427.258
A1669S;10.724.555
A1669S;11.923.018
C1697R;0.968108
C1697R;0.996679
C1697R;1.026.532
D1692N;7.816.274
D1692N;975.444
D1692N;11.580.396
M1775R;0.714102
M1775R;0.725237
M1775R;0.781133
R1699Q;169.433
R1699Q;1.710.091
R1699Q;1.822.754
R1699W;2.653.112
R1699W;2.744.715
R1699W;2.938.985
S1715N;1.317.278
S1715N;1.537.394
S1715N;1.631.366
S1715R;1.064.019
S1715R;1.463.003
S1715R;1.595.762
V1665M;12.200.029
V1665M;1.346.996
V1665M;14.171.821
V1688del;1.274.146
V1688del;1.421.035
V1688del;1.556.784
W1837X;1.216.523
W1837X;1.591.045
W1837X;1.761.125
WT;8.811.325
WT;9.213.642
WT;9.889.321
Y1853X;0.91205
Y1853X;1.023.688
Y1853X;104.464
A1752P;1.1
A1752P;1.4
A1752P;1.5
M1775R;0.5
M1775R;0.8
M1775R;0.9
WT;17.8
WT;20.9
WT;24.4
Y1853X;0.2
Y1853X;0.3
Y1853X;0.3
R1699W;4.489.886
R1699W;4.738.603
R1699W;4.951.664
WT;27.496.007
WT;31.501.471
WT;34.655.835
A1708E;0.838143
A1708E;0.874544
A1708E;0.99778
A1752P;1.004.282
A1752P;1.143.136
A1752P;1.150.215
G1706A;1.967.941
G1706A;2.164.332
G1706A;2.513.698
H1402Y;69.857.376
H1402Y;72.553.632
H1402Y;76.618.779
H1421Y;18.745.409
H1421Y;36.335.461
H1421Y;4.871.616
L1407P;11.831.115
L1407P;1.595.372
L1407P;17.014.512
M1689R;2.273.383
M1689R;2.743.432
M1689R;3.009.361
M1775R;0.98765
M1775R;1.075.731
M1775R;1.109.003
S1512I;27.379.968
S1512I;37.597.663
S1512I;79.331.676
S1613G;33.126.084
S1613G;36.231.381
S1613G;36.503.019
WT;16.661.905
WT;17.371.281
WT;30.198.685
Y1769X;0.686417
Y1769X;0.77019
Y1769X;0.851692
Y1853X;0.885708
Y1853X;1.095.787
Y1853X;1.123.393
R1699W;0.82
R1699W;1.14
R1699W;1.18
R1699W;1.22
WT;4.47
WT;4.73
WT;4.9
WT;4.95
R1699W;3.24
R1699W;3.96
R1699W;4.09
R1699W;4.39
WT;10.72
WT;13.72
WT;13.99
WT;14.42
R1699W;2.02
R1699W;2.04
R1699W;2.47
R1699W;2.47
WT;6.7
WT;7.43
WT;7.9
WT;8.77
R1699W;2.19
R1699W;2.27
R1699W;2.27
R1699W;2.38
WT;7.11
WT;8.85
WT;9.3
WT;12
M1689R;3.416.291
M1689R;3.506.512
M1689R;4.187.508
M1689R;4.440.755
M1775R;3.845.951
M1775R;5.937.944
M1775R;6.172.096
M1775R;6.558.306
WT;281.343.847
WT;336.920.821
WT;416.023.534
WT;459.855.757
Y1853X;5.126.721
Y1853X;5.306.888
Y1853X;5.694.652
Y1853X;7.130.788
M1689R;2.33
M1689R;2.86
M1689R;3.02
M1689R;3.33
M1775R;3.03
M1775R;3.34
W1718C;2.68
W1718C;2.88
W1718C;2.99
W1718C;3.01
W1718C;3.09
W1718C;3.42
W1718C;4.66
W1718C;4.76
WT;154.46
WT;188.02
WT;263.59
WT;511.29
Y1853X;3.24
Y1853X;3.67
Y1853X;3.86
Y1853X;4.12
A1708E;0.172543
A1708E;0.173561
A1708E;0.207089
A1752P;0.178953
A1752P;0.190009
A1752P;0.190463
G1706A;0.480798
G1706A;0.515921
G1706A;0.590531
H1402Y;36.079.206
H1402Y;38.542.111
H1402Y;39.602.823
L1407P;3.664.974
L1407P;4.005.869
L1407P;4.273.237
M1628T;16.020.551
M1628T;20.967.985
M1628T;21.519.907
M1775R;0.142777
M1775R;0.188316
M1775R;0.201453
S1512I;25.284.499
S1512I;27.437.753
S1512I;3.146.017
S1613G;22.262.094
S1613G;25.521.226
S1613G;25.832.995
T1685I;0.132986
T1685I;0.148395
T1685I;0.171348
WT;18.923.616
WT;24.900.037
WT;25.846.473
Y1853X;0.223857
Y1853X;0.230484
Y1853X;0.245798
A1708E;0.790371
A1708E;0.827568
A1708E;0.850318
G1788V;0.601607
G1788V;0.687705
G1788V;0.788037
H1421Y;157.890.309
H1421Y;183.403.568
H1421Y;286.022.945
M1775R;0.675399
M1775R;0.823452
M1775R;0.913681
P1614S;92.236.265
P1614S;131.654.774
P1614S;139.082.868
S1613G;113.775.964
S1613G;114.157.984
S1613G;124.349.387
T1700A;19.106.906
T1700A;19.342.226
T1700A;23.215.714
T1720A;40.943.406
T1720A;104.504.713
T1720A;110.402.269
V1809F;0.526326
V1809F;0.604412
V1809F;0.649838
W1837R;0.578783
W1837R;0.628812
W1837R;0.660972
WT;104.644.083
WT;110.050.035
WT;111.801.321
Y1853X;0.839004
Y1853X;0.863686
Y1853X;0.901246
A1708E;0.474689
A1708E;0.569055
A1708E;0.631678
A1752P;0.557705
A1752P;0.572028
A1752P;0.600587
G1706A;1.362.958
G1706A;161.538
G1706A;1.701.226
G1788V;0.596017
G1788V;0.631525
G1788V;0.635467
H1402Y;129.705.397
H1402Y;136.218.649
H1402Y;136.305.883
H1421Y;129.558.498
H1421Y;131.869.921
H1421Y;158.496.664
L1407P;16.427.911
L1407P;19.112.066
L1407P;23.952.322
M1628T;30.716.536
M1628T;58.226.904
M1628T;62.877.428
M1775R;0.621513
M1775R;0.636054
M1775R;0.725055
P1614S;18.263.125
P1614S;78.485.731
P1614S;82.328.788
S1512I;44.295.815
S1512I;96.937.889
S1512I;101.403.327
S1613G;90.257.798
S1613G;92.299.583
S1613G;100.396.603
T1685I;0.452359
T1685I;0.47919
T1685I;0.565652
T1700A;14.859.194
T1700A;1.764.975
T1700A;19.092.076
T1720A;70.630.763
T1720A;84.044.117
T1720A;93.724.968
V1809F;0.592023
V1809F;0.605183
V1809F;0.672292
W1837R;0.600662
W1837R;0.60595
W1837R;0.628688
WT;69.886.814
WT;81.324.733
WT;8.607.114
Y1853X;0.632417
Y1853X;0.637477
Y1853X;0.771443
A1708E;0.17
A1708E;0.17
A1708E;0.21
A1752R;0.18
A1752R;0.19
A1752R;0.19
G1706A;0.48
G1706A;0.52
G1706A;0.59
H1402Y;36.08
H1402Y;38.54
H1402Y;39.6
L1407P;3.66
L1407P;4.01
L1407P;4.27
M1628T;16.02
M1628T;20.97
M1628T;21.52
M1628V;0.13
M1628V;0.13
M1628V;0.16
M1775R;0.14
M1775R;0.19
M1775R;0.2
S1512I;25.28
S1512I;27.44
S1512I;31.46
S1613G;22.26
S1613G;25.52
S1613G;25.83
T1685I;0.13
T1685I;0.15
T1685I;0.17
WT;18.92
WT;24.9
WT;25.85
Y1853X;0.22
Y1853X;0.23
Y1853X;0.25
D1546N;47.218
D1546N;666.553
D1546N;701.373
M1775R;10.323
M1775R;38.334
M1775R;52.102
P1614S;593.645
P1614S;833.399
P1614S;853.753
R1443G;237.588
R1443G;36.309
R1443G;443.005
R1495M;604.251
R1495M;623.107
R1495M;684.348
S1613G;484.138
S1613G;674.455
S1613G;702.574
T1700A;17.293
T1700A;189.666
T1700A;218.265
V1736A;37.146
V1736A;40.964
V1736A;72.933
WT;863.792
WT;879.202
WT;908.553
Y1853X;10.594
Y1853X;27.554
Y1853X;53.673
D1546N;1.257.992
D1546N;1.513.328
D1546N;1.545.425
M1775R;18.819
M1775R;19.502
M1775R;26.566
P1614S;953.735
P1614S;1.637.089
P1614S;1.730.362
R1443G;899.311
R1443G;1.194.307
R1443G;1.207.444
R1495M;1.436.836
R1495M;1.633.533
R1495M;1.674.078
S1613G;119.882
S1613G;1.732.377
S1613G;173.476
T1700A;501.382
T1700A;524.971
T1700A;576.265
V1736A;43.401
V1736A;61.513
V1736A;134.423
WT;1.200.843
WT;2.261.332
WT;2.331.701
Y1853X;16.645
Y1853X;2.12
Y1853X;30.822
D1546N;1.597.214
D1546N;1.839.501
D1546N;2.210.487
D1546N;223.748
G1706E;13.224
G1706E;16.774
G1706E;25.146
G1706E;26.694
L1564P;1.094.986
L1564P;1.136.546
L1564P;1.236.798
L1564P;1.273.362
M1775R;23.564
M1775R;31.246
M1775R;33.113
M1775R;35.196
P1614S;1.551.222
P1614S;2.032.095
P1614S;2.373.173
P1614S;2.721.579
R1443G;403.914
R1443G;647.259
R1443G;655.044
R1443G;777.679
R1495M;1.068.395
R1495M;1.452.531
R1495M;1.872.475
R1495M;2.177.516
S1613G;1.348.277
S1613G;1.552.899
S1613G;1.570.865
S1613G;1.686.371
T1700A;344.082
T1700A;347.088
T1700A;373.901
T1700A;413.476
V1534M;1.532.104
V1534M;175.621
V1534M;1.384.117
V1534M;1.479.216
V1736A;54.914
V1736A;6.236
V1736A;63.168
V1736A;76.048
V1804D;908.845
V1804D;97.67
V1804D;1.020.278
V1804D;1.421.218
WT;2.169.329
WT;2.211.282
WT;2.369.394
WT;2.460.615
Y1853X;26.592
Y1853X;26.814
Y1853X;29.221
Y1853X;32.488
del14;2.069.804
del14;2.383.658
del14;265.829
del14;2.854.667
E1794D;1.231.527
E1794D;1.236.629
E1794D;1.241.727
E1794D;1.416.232
H1402Y;234.249
H1402Y;3.153.021
H1402Y;3.229.213
H1402Y;3.660.568
H1402Y+S1613G;2.878.592
H1402Y+S1613G;2.956.132
H1402Y+S1613G;3.401.301
H1402Y+S1613G;3.489.501
I1766S;0.8971
I1766S;0.9017
I1766S;0.9443
I1766S;11.072
L1407P;369.217
L1407P;40.012
L1407P;41.16
L1407P;534.423
L1407P+S1613G;457.728
L1407P+S1613G;518.503
L1407P+S1613G;520.459
L1407P+S1613G;740.856
M1628V;0.5866
M1628V;0.6238
M1628V;0.6477
M1628V;0.9431
M1628V+S1613G;883.559
M1628V+S1613G;908.915
M1628V+S1613G;971.986
M1628V+S1613G;1.198.177
M1775K;14.441
M1775K;14.562
M1775K;16.103
M1775K;2.009
M1775R;0.8314
M1775R;0.9261
M1775R;0.9903
M1775R;12.636
Q1785H;0.5586
Q1785H;0.5864
Q1785H;0.6735
Q1785H;0.9135
R1495M;550.704
R1495M;63.572
R1495M;646.013
R1495M;703.479
R1495M+S1613G;56.712
R1495M+S1613G;1.006.003
R1495M+S1613G;1.062.927
R1495M+S1613G;1.121.403
R1753T;716.779
R1753T;956.949
R1753T;1.093.445
R1753T;1.199.137
S1613G;127.675
S1613G;1.437.927
S1613G;1.588.635
S1613G;1.752.881
T1685I;0.4302
T1685I;0.45
T1685I;0.4919
T1685I;0.6665
T1685I+S1613G;0.6376
T1685I+S1613G;0.6979
T1685I+S1613G;0.8343
T1685I+S1613G;10.369
V1534M;1.034.402
V1534M;1.044.332
V1534M;1.060.511
V1534M;1.090.493
V1534M+S1613G;857.795
V1534M+S1613G;1.111.846
V1534M+S1613G;1.146.184
WT;891.711
WT;965.136
WT;1.153.158
WT;1.308.715
Y1853X;0.7646
Y1853X;0.7877
Y1853X;0.9321
Y1853X;12.867
H1402Y;1.039.101
H1402Y;1.091.447
H1402Y;1.091.722
H1402Y;1.195.295
H1402Y+S1613G;892.025
H1402Y+S1613G;1.070.864
H1402Y+S1613G;1.074.154
H1402Y+S1613G;1.181.911
L1407P;9.791
L1407P;129.689
L1407P;138.941
L1407P;146.811
L1407P+S1613G;120.784
L1407P+S1613G;125.885
L1407P+S1613G;12.917
L1407P+S1613G;145.158
M1628V;0.7847
M1628V;0.8453
M1628V;0.8564
M1628V;0.8627
M1628V+S1613G;551.449
M1628V+S1613G;562.366
M1628V+S1613G;594.699
M1628V+S1613G;642.805
M1775R;0.6994
M1775R;0.8546
M1775R;0.9551
M1775R;10.364
R1495M;617.165
R1495M;670.455
R1495M;700.793
R1495M;75.853
R1495M+S1613G;662.388
R1495M+S1613G;719.908
R1495M+S1613G;763.161
R1495M+S1613G;922.431
S1613G;636.837
S1613G;711.863
S1613G;76.237
S1613G;792.011
T1685I;0.4157
T1685I;0.5369
T1685I;0.5535
T1685I;0.6328
T1685I+S1613G;0.8035
T1685I+S1613G;0.8451
T1685I+S1613G;11.343
T1685I+S1613G;11.362
V1534M;603.655
V1534M;813.931
V1534M;81.68
V1534M;907.899
V1534M+S1613G;737.178
V1534M+S1613G;766.404
V1534M+S1613G;852.995
V1534M+S1613G;918.351
WT;68.201
WT;709.646
WT;735.791
WT;753.247
Y1853X;0.7898
Y1853X;0.8401
Y1853X;0.9754
Y1853X;0.9898
E1794D;485.613
E1794D;52.28
E1794D;662.532
G1706E;0.9766
G1706E;10.285
G1706E;11.397
I1766S;1.152
I1766S;14.428
I1766S;15.432
L1564P;499.435
L1564P;544.935
L1564P;58.67
M1775K;14.848
M1775K;15.691
M1775K;15.899
M1775R;12.473
M1775R;12.551
M1775R;1.35
Q1785H;913.418
Q1785H;951.548
Q1785H;1.041.427
R1753T;12.413
R1753T;12.758
R1753T;17.301
V1534M;1.036.752
V1534M;1.274.987
V1534M;1.321.288
V1804D;567.613
V1804D;604.023
V1804D;631.234
WT;996.787
WT;1.063.099
WT;114.134
Y1853X;10.554
Y1853X;1.188
Y1853X;12.374
D1546N;1.556.696
D1546N;1.641.273
D1546N;1.685.197
del14;348.332
del14;3.493.192
del14;3.703.352
del14+S1613G;2.688.988
del14+S1613G;316.77
del14+S1613G;3.632.133
E1794D;160.045
E1794D;1.879.254
E1794D;1.977.549
L1564P;1.078.228
L1564P;1.099.397
L1564P;1.110.071
M1628V;1.052.985
M1628V;1.093.776
M1628V;1.150.187
M1628V+S1613G;1.612.551
M1628V+S1613G;1.620.654
M1628V+S1613G;1.764.757
M1775K;49.281
M1775K;54.074
M1775K;57.127
M1775R;20.189
M1775R;21.875
M1775R;2.406
P1812A;946.194
P1812A;962.287
P1812A;1.151.173
Q1785H;1.864.966
Q1785H;2.001.982
Q1785H;211.417
R1443G;100.772
R1443G;1.077.365
R1443G;1.242.405
R1753T;18.572
R1753T;19.197
R1753T;21.132
S1613G;1.158.017
S1613G;1.163.445
S1613G;1.381.897
V1804D;103.628
V1804D;108.98
V1804D;1.121.677
WT;1.797.904
WT;2.056.189
WT;2.086.696
Y1853X;20.797
Y1853X;21.312
Y1853X;21.765
del14;2.859.899
del14;2.911.426
del14;3.196.974
del14+S1613G;2.479.358
del14+S1613G;2.660.995
del14+S1613G;2.930.363
M1628V;190.36
M1628V;192.66
M1628V;203.65
P1812A;1.638.841
P1812A;1.669.226
P1812A;1.747.216
WT;2.192.868
WT;2.442.782
WT;244.808
5673insC;39.649
5673insC;41.024
5673insC;45.315
A1823T;139.696
A1823T;14.185
A1823T;150.536
del17/18;116.136
del17/18;11.745
del17/18;123.864
E1644G;5.797.686
E1644G;6.706.641
E1644G;6.714.648
G1738E;20.187
G1738E;21.666
G1738E;22.367
G1738R;28.337
G1738R;28.748
G1738R;29.542
G1788D;1.928.152
G1788D;1.940.563
G1788D;1.965.518
K1487R;1.964.478
K1487R;2.114.537
K1487R;211.603
L1664P;4.709.826
L1664P;4.742.934
L1664P;4.849.989
L1764P;23.942
L1764P;25.892
L1764P;32.741
M1652I;2.620.563
M1652I;2.712.208
M1652I;2.725.296
M1775R;21.675
M1775R;2.211
M1775R;22.438
M1783T;1.709.197
M1783T;1.791.732
M1783T;1.804.089
P1806A;5.742.637
P1806A;5.745.309
P1806A;593.213
Q1826H;1.307.198
Q1826H;2.071.332
Q1826H;2.774.075
R1699L;33.423
R1699L;39.516
R1699L;40.953
R1751Q;2.456.084
R1751Q;2.787.404
R1751Q;2.800.198
R1835Q;6.024.131
R1835Q;6.625.973
R1835Q;6.714.493
S1613C;2.840.714
S1613C;2.979.833
S1613C;3.088.425
S1613G;6.625.207
S1613G;6.712.114
S1613G;720.677
S1655F;140.698
S1655F;143.577
S1655F;151.239
T1700A;1.265.595
T1700A;1.439.975
T1700A;1.484.247
V1713A;33.947
V1713A;36.849
V1713A;37.881
V1833M;5.485.452
V1833M;551.533
V1833M;565.594
WT;4.689.878
WT;688.319
WT;6.894.154
Y1853X;21.101
Y1853X;2.17
Y1853X;2.224
A1823T;21.925
A1823T;22.902
A1823T;26.887
K1487R;475.882
K1487R;517.928
K1487R;526.716
M1652I;643.422
M1652I;648.091
M1652I;666.248
M1775R;0.3731
M1775R;0.3985
M1775R;0.4033
Q1826H;200.567
Q1826H;266.166
Q1826H;346.815
R1699L;0.4456
R1699L;0.6022
R1699L;0.7278
R1751Q;464.798
R1751Q;473.832
R1751Q;506.541
R1835Q;1.204.296
R1835Q;1.224.292
R1835Q;1.257.729
S1613C;553.467
S1613C;586.896
S1613C;606.398
S1613G;1.011.159
S1613G;1.017.057
S1613G;1.040.889
V1741G;11.722
V1741G;12.437
V1741G;15.963
V1833M;1.097.775
V1833M;1.166.653
V1833M;1.187.306
WT;990.334
WT;1.001.566
WT;1.030.623
Y1853X;0.3783
Y1853X;0.3796
Y1853X;0.3936
5673insC;0.407
5673insC;0.4375
5673insC;0.4534
A1823T;20.854
A1823T;21.077
A1823T;22.186
del17/18;0.4794
del17/18;0.4813
del17/18;0.4839
K1487R;518.115
K1487R;521.848
K1487R;543.473
M1652I;713.282
M1652I;817.316
M1652I;817.456
M1775R;0.3651
M1775R;0.3805
M1775R;0.3987
Q1826H;939.698
Q1826H;1.001.313
Q1826H;1.018.382
R1699L;0.3765
R1699L;0.3831
R1699L;0.3852
R1751Q;500.089
R1751Q;53.496
R1751Q;554.143
R1835Q;1.011.869
R1835Q;1.108.818
R1835Q;1.175.082
S1613C;799.895
S1613C;845.233
S1613C;947.607
V1741G;513.487
V1741G;532.969
V1741G;543.516
V1833M;917.063
V1833M;923.637
V1833M;986.531
WT;753.886
WT;813.014
WT;850.502
Y1853X;0.3319
Y1853X;0.3374
Y1853X;0.3405
M1775R;0.0774
M1775R;0.0791
M1775R;0.0865
M1783T;49.935
M1783T;52.482
M1783T;57.988
S1613G;295.122
S1613G;305.133
S1613G;312.842
WT;261.686
WT;265.009
WT;270.991
Y1853X;0.0741
Y1853X;0.0774
Y1853X;0.0792
del14;251.771
del14;263.518
del14;265.199
M1775R;0.1063
M1775R;0.1093
M1775R;0.1151
S1423A;198.895
S1423A;202.452
S1423A;206.587
S1457A;98.413
S1457A;100.661
S1457A;113.371
S1466A;237.358
S1466A;248.177
S1466A;255.512
S1524A;209.981
S1524A;237.534
S1524A;237.826
S1542A;379.999
S1542A;395.036
S1542A;414.756
S1613G;166.216
S1613G;173.766
S1613G;192.402
WT;160.578
WT;161.808
WT;165.991
Y1853X;0.092
Y1853X;0.0939
Y1853X;0.0996
A1830T;22.151
A1830T;23.338
A1830T;24.021
F1662S;19.914
F1662S;22.505
F1662S;2.305
F1695L;23.498
F1695L;25.267
F1695L;25.401
H1746N;10.761
H1746N;10.877
H1746N;11.344
L1844R;20.701
L1844R;21.021
L1844R;23.982
M1775R;0.0158
M1775R;0.0166
M1775R;0.0171
M1783L;23.458
M1783L;25.174
M1783L;25.663
P1771L;13.494
P1771L;13.919
P1771L;15.004
P1859R;20.522
P1859R;20.821
P1859R;29.266
R1726G;22.862
R1726G;24.803
R1726G;25.479
R1751P;0.0178
R1751P;0.0204
R1751P;0.0207
S1613G;2.619
S1613G;2.729
S1613G;30.153
WT;24.233
WT;24.836
WT;27.311
Y1853X;0.0168
Y1853X;0.0173
Y1853X;0.0181
A1830T;43.088
A1830T;44.167
A1830T;49.368
F1662S;36.277
F1662S;41.037
F1662S;51.331
F1695L;43.053
F1695L;46.632
F1695L;58.039
H1746N;18.645
H1746N;19.257
H1746N;20.348
L1844R;46.958
L1844R;49.726
L1844R;52.515
M1775R;0.0335
M1775R;0.035
M1775R;0.0396
M1783L;41.286
M1783L;5.946
M1783L;59.884
P1771L;22.599
P1771L;2.566
P1771L;29.202
P1859R;5.24
P1859R;52.813
P1859R;56.315
R1726G;4.315
R1726G;5.497
R1726G;56.905
R1751P;0.0375
R1751P;0.0382
R1751P;0.0435
S1613G;41.088
S1613G;52.118
S1613G;56.297
WT;5.582
WT;58.564
WT;72.064
Y1853X;0.0335
Y1853X;0.035
Y1853X;0.0432
D1733Y;130.08
D1733Y;153.95
D1733Y;160.77
D1813H;57.44
D1813H;68.12
D1813H;74.27
E1660V;57.13
E1660V;102.33
E1660V;108.64
E1731D;59.99
E1731D;66.27
E1731D;74.95
E1754V;108.64
E1754V;133.85
E1754V;138.69
E1765K;57.39
E1765K;70.09
E1765K;98.45
H1805L;115.09
H1805L;127.23
H1805L;130.11
L1679Q;99.45
L1679Q;136.12
L1679Q;138.6
L1844P;81.49
L1844P;81.59
L1844P;81.68
M1775R;1.48
M1775R;1.87
M1775R;2.99
S1790Y;119.1
S1790Y;126.79
S1790Y;128.63
WT;82.84
WT;102.41
WT;114.75
Y1853X;1.97
Y1853X;2.17
Y1853X;2.42
D1692Y;0.3243
D1692Y;0.3507
D1692Y;0.4241
M1775R;21.106
M1775R;2.209
M1775R;22.499
V1696L;0.9313
V1696L;0.9601
V1696L;1.399
WT;0.336
WT;0.3708
WT;19.115
WT;1.942
WT;19.664
WT;20.313
WT;21.164
WT;22.309
Y1853X;0.2119
Y1853X;0.2173
Y1853X;0.3214
D1692Y;0.1535
D1692Y;0.159
D1692Y;0.206
M1775R;0.1099
M1775R;0.1182
M1775R;0.1201
V1696L;0.394
V1696L;0.4143
V1696L;0.431
WT;0.8856
WT;0.97
WT;0.9958
WT;10.257
WT;10.287
WT;1.037
WT;10.615
WT;11.354
WT;11.815
Y1853X;0.1108
Y1853X;0.1199
Y1853X;0.2126
D1692N;0.8412
D1692N;0.8745
D1692N;0.9824
D1733G;15.998
D1733G;16.552
D1733G;17.692
D1739E;0.2211
D1739E;0.2347
D1739E;0.248
E1682K;1.397
E1682K;14.014
E1682K;14.769
E1682V;19.499
E1682V;19.742
E1682V;20.565
F1734S;13.064
F1734S;14.629
F1734S;15.023
M1652T;13.326
M1652T;13.488
M1652T;14.374
M1663K;14.908
M1663K;15.849
M1663K;16.643
M1663L;18.338
M1663L;19.112
M1663L;19.487
M1775R;0.1633
M1775R;0.191
M1775R;0.2036
N1647K ;13.085
N1647K ;14.474
N1647K ;15.429
N1730S;18.064
N1730S;20.753
N1730S;20.888
S1715C;0.1503
S1715C;0.2627
S1715C;0.2639
S1722F;0.1649
S1722F;0.2332
S1722F;0.2626
T1685A;0.2301
T1685A;0.2548
T1685A;0.2945
T1691I;0.2417
T1691I;0.2585
T1691I;0.2969
V1653M;0.1884
V1653M;0.2086
V1653M;0.2505
V1736G;0.204
V1736G;0.2324
V1736G;0.2437
W1718S;0.2623
W1718S;0.3449
W1718S;0.3545
WT;15.873
WT;17.217
WT;19.687
WT;20.142
WT;20.228
WT;20.565
WT;20.908
WT;21.263
WT;21.381
Y1853X;0.1583
Y1853X;0.1959
Y1853X;0.2179
A1789S;95.335
A1789S;104.339
A1789S;105.496
A1843P;69.949
A1843P;82.667
A1843P;86.422
C1787S;91.869
C1787S;101.076
C1787S;103.486
D1739Y;0.606
D1739Y;0.6507
D1739Y;0.851
D1778G;7.692
D1778G;84.481
D1778G;89.214
D1778N;70.549
D1778N;83.093
D1778N;87.791
D1778Y;70.428
D1778Y;75.787
D1778Y;82.014
D1818G;0.3853
D1818G;0.4631
D1818G;0.4789
D1851E;0.7354
D1851E;0.8077
D1851E;0.8195
E1836K;0.566
E1836K;0.5713
E1836K;0.697
F1761S;0.6187
F1761S;0.8801
F1761S;10.379
G1803A;0.7728
G1803A;0.7968
G1803A;0.8905
H1805P;103.256
H1805P;103.543
H1805P;118.716
L1780P;0.8084
L1780P;0.8792
L1780P;0.9242
L1854P;19.258
L1854P;2.491
L1854P;25.632
M1775R;0.5175
M1775R;0.5395
M1775R;0.5471
M1783I;7.487
M1783I;93.045
M1783I;94.838
N1819S;0.4343
N1819S;0.5062
N1819S;0.5083
P1749R;0.7616
P1749R;0.7691
P1749R;0.8907
P1771R;82.557
P1771R;86.246
P1771R;77.724
P1856S;0.5265
P1856S;0.5981
P1856S;0.6838
Q1811R;0.5876
Q1811R;0.5887
Q1811R;0.7036
R1835P;0.5316
R1835P;0.5927
R1835P;0.6483
S1841N;0.5482
S1841N;0.5646
S1841N;0.6052
S1841R;66.115
S1841R;69.127
S1841R;73.117
T1773S;82.501
T1773S;84.216
T1773S;84.846
V1808A;5.663
V1808A;57.751
V1808A;59.364
V1809A;20.942
V1809A;27.506
V1809A;28.704
V1810G;0.7491
V1810G;0.8213
V1810G;0.8616
V1833M;51.278
V1833M;59.542
V1833M;6.823
V1838E;0.8249
V1838E;13.908
V1838E;75.326
W1837G;54.082
W1837G;58.503
W1837G;67.868
WT;70.918
WT;72.408
WT;73.033
WT;74.483
WT;80.719
WT;88.235
WT;8.961
WT;90.536
WT;96.602
Y1853C;81.027
Y1853C;92.993
Y1853C;96.897
Y1853X;0.542
Y1853X;0.6846
Y1853X;150.272
A1789S;74.006
A1789S;75.276
A1789S;77.434
A1843P;0.9059
A1843P;0.9174
A1843P;10.283
C1787S;69.807
C1787S;69.856
C1787S;74.699
D1692N;51.025
D1692N;53.553
D1692N;59.066
D1692Y;12.858
D1692Y;13.424
D1692Y;14.203
D1733G;69.634
D1733G;70.344
D1733G;73.791
D1739E;0.8124
D1739E;0.83
D1739E;0.8943
D1739Y;0.7951
D1739Y;0.804
D1739Y;0.9165
D1778G;65.539
D1778G;68.218
D1778G;74.485
D1778N;61.119
D1778N;66.639
D1778N;67.054
D1778Y;53.553
D1778Y;53.758
D1778Y;63.918
D1818G;72.788
D1818G;83.052
D1818G;88.141
D1851E;77.916
D1851E;8.455
D1851E;87.642
E1682K;78.878
E1682K;86.529
E1682K;89.836
E1682V;108.584
E1682V;109.185
E1682V;115.958
E1836K;34.239
E1836K;42.613
E1836K;4.665
F1734S;65.451
F1734S;65.866
F1734S;78.347
F1761S;0.8865
F1761S;0.9128
F1761S;0.9555
G1803A;0.7715
G1803A;0.7965
G1803A;0.8456
H1805P;78.978
H1805P;90.091
H1805P;93.496
L1780P;0.8895
L1780P;0.9215
L1780P;10.076
L1854P;10.426
L1854P;11.652
L1854P;13.016
M1652T;87.387
M1652T;88.253
M1652T;98.377
M1663K;86.702
M1663K;87.204
M1663K;87.931
M1663L;0.5268
M1663L;107.722
M1663L;107.771
M1775R;0.5632
M1775R;0.5826
M1775R;0.6131
M1783I;76.624
M1783I;77.704
M1783I;80.141
N1647K ;88.086
N1647K ;91.381
N1647K ;9.869
N1730S;73.579
N1730S;76.722
N1730S;77.925
N1819S;82.293
N1819S;87.077
N1819S;89.297
P1749R;0.7377
P1749R;0.7981
P1749R;0.8564
P1771R;66.595
P1771R;66.844
P1771R;71.691
P1856S;87.366
P1856S;87.466
P1856S;93.339
Q1811R;0.8332
Q1811R;0.8704
Q1811R;0.956
R1835P;126.905
R1835P;131.446
R1835P;142.543
S1715C;0.8158
S1715C;0.8603
S1715C;0.9233
S1722F;0.7585
S1722F;0.8019
S1722F;0.9182
S1841N;0.9416
S1841N;0.9781
S1841N;1.02
S1841R;0.9247
S1841R;0.964
S1841R;0.9753
T1685A;0.9579
T1685A;1.224
T1685A;13.584
T1691I;0.7999
T1691I;0.8157
T1691I;0.8492
T1773S;5.974
T1773S;62.142
T1773S;62.247
V1653M;0.7818
V1653M;12.937
V1653M;1.379
V1696L ;67.206
V1696L ;67.857
V1696L ;74.251
V1736G;0.7696
V1736G;0.8033
V1736G;0.8247
V1808A;69.005
V1808A;69.718
V1808A;74.678
V1809A;35.254
V1809A;36.496
V1809A;38.449
V1810G;1.401
V1810G;14.106
V1810G;14.736
V1833M;11.198
V1833M;12.185
V1833M;17.494
V1838E;22.651
V1838E;23.468
V1838E;24.049
W1718S;11.079
W1718S;12.777
W1718S;12.783
W1837G;0.877
W1837G;0.9575
W1837G;0.997
WT;0.8438
WT;83.748
WT;91.904
WT;95.478
WT;100.821
WT;10.489
WT;106.788
WT;10.837
WT;109.423
Y1853C;0.9125
Y1853C;0.9724
Y1853C;0.9861
Y1853X;0.637
Y1853X;0.6834
Y1853X;0.7694
D1813H;501.669
D1813H;564.472
D1813H;688.688
E1660V;2.246.124
E1660V;237.857
E1660V;2.662.532
E1731D;1.370.225
E1731D;1.448.554
E1731D;1.638.813
E1754V;2.488.624
E1754V;2.682.593
E1754V;2.775.637
E1765K;1.032.285
E1765K;1.714.154
E1765K;1.833.146
H1805L;942.711
H1805L;990.507
H1805L;1.438.752
L1679Q;0.7878
L1679Q;0.9315
L1679Q;17.409
L1733Y;2.715.646
L1733Y;2.893.462
L1733Y;3.174.696
L1844P;1.511.197
L1844P;1.592.112
L1844P;1.808.817
M1775R;21.865
M1775R;22.457
M1775R;23.783
S1790Y;1.339.157
S1790Y;3.025.063
S1790Y;332.582
V1736A;9.817
V1736A;0.8151
V1736A;82.814
WT;2.777.399
WT;2.851.969
WT;312.94
Y1853X;0.9361
Y1853X;24.783
Y1853X;28.795
D1813H;1.578.553
D1813H;173.235
D1813H;1.955.774
E1660V;1.653.549
E1660V;2.591.266
E1660V;2.619.172
E1731D;1.868.324
E1731D;1.932.997
E1731D;2.182.952
E1754V;1.992.996
E1754V;2.447.178
E1754V;4.831.461
E1765K;1.634.018
E1765K;2.091.719
E1765K;2.102.156
H1805L;181.843
H1805L;207.023
H1805L;2.217.605
L1679Q;2.649.244
L1679Q;277.816
L1679Q;3.059.355
L1733Y;3.390.828
L1733Y;3.598.755
L1733Y;399.802
L1844P;1.075.608
L1844P;1.731.431
L1844P;2.475.884
M1775R;22.977
M1775R;24.361
M1775R;2.417.369
S1790Y;1.914.326
S1790Y;204.412
S1790Y;2.942.408
V1736A;0.7597
V1736A;111.132
V1736A;122.721
WT;858.715
WT;945.396
WT;1.319.154
WT;1.495.957
WT;1.659.926
WT;1.660.235
Y1853X;73.989
Y1853X;82.341
Y1853X;116.898
A1843P;0.4776
A1843P;0.4899
A1843P;0.5162
D1692N;41.946
D1692N;41.947
D1692N;42.122
D1818G;6.314
D1818G;66.109
D1818G;67.857
D1851E;65.819
D1851E;70.441
D1851E;71.032
E1836K;17.649
E1836K;17.777
E1836K;18.833
L1854P;0.748
L1854P;0.7543
L1854P;0.762
M1775R;0.1261
M1775R;0.1483
M1775R;0.1742
N1819S;57.697
N1819S;59.764
N1819S;60.948
P1856S;66.331
P1856S;71.616
P1856S;73.426
Q1811R;0.5237
Q1811R;0.5302
Q1811R;0.5346
R1835P;85.817
R1835P;88.133
R1835P;94.689
S1841N;0.5561
S1841N;0.5917
S1841N;0.5925
S1841R;0.4729
S1841R;0.4911
S1841R;0.4975
V1808A;43.539
V1808A;49.647
V1808A;52.448
V1809A;11.185
V1809A;23.594
V1809A;24.172
V1810G;0.3851
V1810G;0.7621
V1810G;0.817
V1833M;0.7598
V1833M;0.8268
V1833M;0.8851
V1838E;0.9501
V1838E;0.9696
V1838E;10.267
W1837G;0.4346
W1837G;0.4882
W1837G;0.5475
WT;37.854
WT;40.457
WT;46.653
Y1853C;0.5658
Y1853C;0.5719
Y1853C;0.5776
Y1853X;0.2195
Y1853X;0.2254
Y1853X;0.2551
D1813H;2.589.232
D1813H;261.817
D1813H;2.792.423
E1660V;1.568.615
E1660V;2.660.334
E1660V;4.132.451
E1731D;2.519.277
E1731D;2.590.395
E1731D;2.639.536
E1754V;1.477.036
E1754V;2.774.502
E1754V;3.328.098
E1765K;3.101.046
E1765K;3.300.171
E1765K;3.356.293
H1805L;1.977.833
H1805L;2.263.394
H1805L;2.446.503
L1679Q;1.002.593
L1679Q;1.217.137
L1679Q;1.831.186
L1733Y;1.964.232
L1733Y;2.376.083
L1733Y;3.128.204
L1844P;3.129.459
L1844P;3.434.498
L1844P;3.618.744
M1775R;0.6862
M1775R;0.6886
M1775R;0.7454
S1790Y;1.263.236
S1790Y;4.259.002
S1790Y;436.943
WT;2.798.466
WT;2.832.271
WT;3.235.064
Y1853X;14.628
Y1853X;15.526
Y1853X;15.698
D1813H;1.397.051
D1813H;1.420.548
D1813H;1.448.166
E1660V;2.575.137
E1660V;2.648.122
E1660V;2.666.875
E1731D;1.409.572
E1731D;146.805
E1731D;1.494.477
E1754V;3.344.477
E1754V;3.638.081
E1754V;3.648.194
E1765K;1.292.971
E1765K;2.313.478
E1765K;2.405.774
H1805L;1.901.442
H1805L;2.101.636
H1805L;2.144.204
L1679Q;2.219.648
L1679Q;2.469.831
L1679Q;2.917.457
L1733Y;2.122.171
L1733Y;2.878.541
L1733Y;3.863.414
L1844P;1.750.939
L1844P;1.829.816
L1844P;1.909.917
M1775R;11.206
M1775R;11.264
M1775R;12.392
S1790Y;4.165.678
S1790Y;4.217.037
S1790Y;4.240.087
WT;2.713.542
WT;2.810.433
WT;3.792.686
Y1853X;12.192
Y1853X;12.272
Y1853X;12.612
D1813H;421.405
D1813H;499.751
D1813H;544.891
E1660V;419.099
E1660V;75.075
E1660V;797.013
E1731D;440.123
E1731D;486.196
E1731D;549.847
E1754V;797.014
E1754V;981.954
E1754V;1.017.531
E1765K;42.106
E1765K;514.202
E1765K;722.289
H1805L;844.372
H1805L;933.454
H1805L;954.544
L1679Q;729.628
L1679Q;998.642
L1679Q;1.016.838
L1733Y;954.346
L1733Y;1.129.486
L1733Y;1.179.468
L1844P;59.784
L1844P;598.611
L1844P;599.217
M1775R;10.831
M1775R;13.745
M1775R;21.968
S1790Y;873.804
S1790Y;93.022
S1790Y;943.725
WT;607.745
WT;751.325
WT;841.873
Y1853X;14.439
Y1853X;15.928
Y1853X;17.758
D1813H;659.982
D1813H;832.456
D1813H;862.774
D1813H;886.281
E1660V;672.351
E1660V;1.240.481
E1660V;1.258.413
E1660V;1.325.157
E1731D;831.748
E1731D;851.953
E1731D;863.177
E1731D;962.067
E1754V;1.628.146
E1754V;1.710.302
E1754V;1.844.576
E1754V;2.015.189
E1765K;1.375.045
E1765K;1.459.787
E1765K;1.586.493
E1765K;1.608.058
H1805L;512.466
H1805L;1.069.152
H1805L;108.517
H1805L;1.166.933
L1679Q;1.467.989
L1679Q;1.500.364
L1679Q;1.587.779
L1679Q;1.741.638
L1733Y;1.759.159
L1733Y;1.806.587
L1733Y;181.255
L1733Y;182.383
L1844P;928.788
L1844P;1.128.703
L1844P;1.133.649
L1844P;1.144.251
M1775R;11.102
M1775R;12.728
M1775R;15.372
M1775R;2.363
S1790Y;782.453
S1790Y;1.689.985
S1790Y;2.173.495
S1790Y;2.263.378
WT;109.821
WT;1.466.175
WT;1.740.366
WT;2.058.384
Y1853X;12.209
Y1853X;12.387
Y1853X;12.938
Y1853X;13.762
D1733Y;101.23
D1733Y;119.08
D1733Y;128.26
D1733Y;132.47
D1813H;61.09
D1813H;65.2
D1813H;65.81
D1813H;65.85
E1660V;101.46
E1660V;105.92
E1660V;105.92
E1660V;109.3
E1731D;53.97
E1731D;61.39
E1731D;68.76
E1731D;71.64
E1754V;108.78
E1754V;128.12
E1754V;136.64
E1754V;144.83
E1765K;88.63
E1765K;109.65
E1765K;111.63
E1765K;111.7
H1805L;66.23
H1805L;72.33
H1805L;84.19
H1805L;87.64
L1679Q;71.53
L1679Q;78.85
L1679Q;91.98
L1679Q;111.46
L1844P;71.29
L1844P;77.39
L1844P;77.87
L1844P;88.09
M1775R;0.82
M1775R;1.14
M1775R;1.16
M1775R;1.97
S1790Y;59.12
S1790Y;98.6
S1790Y;132.26
S1790Y;161.72
WT;73.7
WT;101.16
WT;111.17
WT;125.14
Y1853X;0.88
Y1853X;0.9
Y1853X;0.91
Y1853X;1.26
D1813H;454.131
D1813H;797.767
D1813H;826.705
E1660V;505.361
E1660V;60.959
E1660V;899.286
E1731D;633.883
E1731D;655.904
E1731D;66.354
E1754V;143.293
E1754V;1.692.746
E1754V;1.861.207
E1765K;1.347.107
E1765K;1.375.737
E1765K;1.379.373
H1805L;646.365
H1805L;778.274
H1805L;828.105
L1679Q;1.330.361
L1679Q;1.368.091
L1679Q;170.569
L1733Y;85.081
L1733Y;1.372.816
L1733Y;1.577.814
L1844P;623.897
L1844P;759.775
L1844P;845.215
M1775R;22.082
M1775R;11.452
M1775R;12.472
S1790Y;1.969.271
S1790Y;205.774
S1790Y;243.821
WT;658.927
WT;811.093
WT;858.356
Y1853X;10.441
Y1853X;11.378
Y1853X;11.872
A1752T;17.72
A1752T;18.44
A1752T;21.54
A1752T;30.99
C1697F;7.21
C1697F;8.28
C1697F;9.09
C1697F;10.03
G1748D;6.66
G1748D;7.8
G1748D;15.49
G1748D;17.28
I1529V;69.99
I1529V;88.19
I1529V;124.17
I1529V;186.59
M1411T;44.67
M1411T;51.15
M1411T;95.17
M1411T;23.25
M1775R;7.36
M1775R;8.22
M1775R;11.56
M1775R;16.37
S1423A;13.72
S1423A;17.77
S1423A;53.4
S1423A;111.98
S1457A ;21.34
S1457A ;115.1
S1457A ;129.18
S1457A ;207.96
S1466A;31.46
S1466A;38.29
S1466A;51.81
S1466A;61.64
S1524A;21.2
S1524A;60.39
S1524A;153.59
S1524A;229.68
S1542A;14.46
S1542A;55.65
S1542A;100.79
S1542A;123.74
S1613G;49.95
S1613G;51.9
S1613G;118.65
S1613G;196.05
WT;14.75
WT;81.81
WT;126.06
WT;177.38
Y1853X;6.43
Y1853X;7.63
Y1853X;8.85
Y1853X;16.44
A1669S;45.642
A1669S;46.294
A1669S;49.642
A1708E;0.531
A1708E;0.5402
A1708E;0.634
A1708V;16.352
A1708V;17.148
A1708V;22.583
C1697R;0.5972
C1697R;0.6661
C1697R;35.617
D1692H;0.5578
D1692H;0.6407
D1692H;0.6412
F1662S;44.085
F1662S;46.705
F1662S;4.742
F1695L;48.025
F1695L;49.778
F1695L;154.375
G1656D;29.542
G1656D;30.241
G1656D;32.933
G1706A;46.234
G1706A;47.275
G1706A;55.107
G1706E;35.845
G1706E;3.7
G1706E;37.519
G1738E;0.5007
G1738E;0.5223
G1738E;0.5257
G1738R;52.402
G1738R;52.579
G1738R;52.644
L1664P;5.371
L1664P;55.845
L1664P;5.676
M1652I;40.722
M1652I;4.184
M1652I;43.721
M1689R;115.375
M1689R;118.637
M1689R;119.959
M1689T;34.238
M1689T;35.449
M1689T;3.552
M1775R;0.5309
M1775R;0.5518
M1775R;0.6274
R1699L;97.533
R1699L;103.581
R1699L;105.266
R1699Q;0.2483
R1699Q;0.2561
R1699Q;0.2725
R1699W;0.5596
R1699W;0.5838
R1699W;0.6061
R1726G;0.5307
R1726G;0.5331
R1726G;0.5742
S1655F;0.5793
S1655F;0.5927
S1655F;0.6356
S1651F;42.524
S1651F;42.742
S1651F;43.234
S1715N;0.5448
S1715N;0.562
S1715N;0.603
S1715R;16.901
S1715R;22.463
S1715R;38.903
T1685I;0.5084
T1685I;0.5144
T1685I;0.5424
T1691I;0.5123
T1691I;0.5202
T1691I;0.5376
T1700A;0.9007
T1700A;0.9337
T1700A;0.9761
T1720A;11.481
T1720A;11.871
T1720A;12.078
V1665M;43.678
V1665M;47.178
V1665M;49.802
V1713A;0.5303
V1713A;0.5765
V1713A;0.6171
V1714G;11.848
V1714G;12.349
V1714G;12.955
V1736A;0.527
V1736A;0.5675
V1736A;0.5695
W1718C;0.5324
W1718C;0.5728
W1718C;0.5804
WT;53.144
WT;53.203
WT;54.661
Y1853X;0.479
Y1853X;0.5076
Y1853X;0.5155
A1752P;0.5269
A1752P;0.5668
A1752P;0.5679
A1752V;0.5899
A1752V;0.6104
A1752V;11.502
A1823T;3.944
A1823T;43.248
A1823T;44.401
A1830T;39.487
A1830T;40.856
A1830T;40.982
D1739G;0.5025
D1739G;0.5154
D1739G;0.5266
D1739V;0.5439
D1739V;0.5622
D1739V;0.571
E1794D;37.986
E1794D;43.659
E1794D;44.258
G1763V;0.9902
G1763V;1.13
G1763V;12.651
G1788D;29.503
G1788D;30.092
G1788D;32.138
G1788V;0.5228
G1788V;0.5355
G1788V;0.5781
H1746N;20.102
H1746N;2.03
H1746N;20.696
I1766S;0.4769
I1766S;0.4786
I1766S;0.4887
L1764P;0.5216
L1764P;0.5389
L1764P;0.5405
L1844R;32.838
L1844R;3.364
L1844R;34.816
M1775K;0.4787
M1775K;0.5478
M1775K;0.5872
M1775R;0.4942
M1775R;0.5325
M1775R;0.5459
M1775R;0.5603
M1775R;0.5664
M1775R;0.5782
M1783L;43.917
M1783L;45.968
M1783L;46.186
M1783T;17.825
M1783T;18.595
M1783T;19.484
P1771L;34.413
P1771L;39.565
P1771L;3.96
P1806A;39.599
P1806A;41.839
P1806A;42.584
P1859R;34.652
P1859R;38.969
P1859R;41.535
Q1785H;4.645
Q1785H;47.044
Q1785H;64.564
Q1826H;47.281
Q1826H;48.713
Q1826H;53.442
R1751P;0.5304
R1751P;0.5511
R1751P;0.5595
R1751Q;30.924
R1751Q;31.088
R1751Q;40.122
R1753T;0.5506
R1753T;0.5631
R1753T;0.5721
T1773I;3.555
T1773I;38.058
T1773I;38.735
V1741G;17.938
V1741G;1.817
V1741G;18.264
V1804D;37.347
V1804D;39.009
V1804D;42.026
V1809F;0.5192
V1809F;0.5572
V1809F;0.5612
W1837C;0.5095
W1837C;0.5367
W1837C;0.8795
W1837R;0.5092
W1837R;0.573
W1837R;0.5772
WT;41.857
WT;45.105
WT;47.135
Y1853X;0.4777
Y1853X;0.506
Y1853X;0.5189
C1697R;0.5154
C1697R;0.5154
C1697R;0.6038
F1695L;44.273
F1695L;44.777
F1695L;45.852
M1775R;0.5335
M1775R;0.5402
M1775R;0.6055
S1715R;0.5132
S1715R;0.5316
S1715R;0.5334
WT;50.011
WT;5.286
WT;55.351
Y1853X;0.4728
Y1853X;0.4813
Y1853X;0.5132
A1752T;0.67
A1752T;0.71
A1752T;0.73
C1697F;0.45
C1697F;0.47
C1697F;0.5
G1748D;0.47
G1748D;0.52
G1748D;0.54
I1529V;77.07
I1529V;86.97
I1529V;97.05
M1411T;17.38
M1411T;20.06
M1411T;22.35
M1775R;0.56
M1775R;0.58
M1775R;1.76
S1423A;66.56
S1423A;70.54
S1423A;84.18
S1457A ;97.05
S1457A ;106.65
S1457A ;117.81
S1466A;91.82
S1466A;108.63
S1466A;116.71
S1524A;83.29
S1524A;92.43
S1524A;104.72
S1542A;73.46
S1542A;98.32
S1542A;104.53
S1613G;84.58
S1613G;113.49
S1613G;132.92
WT;79.69
WT;105.58
WT;114.74
Y1853X;0.48
Y1853X;0.49
Y1853X;1.37
I1529V;66.21
I1529V;70.35
I1529V;71.69
M1411T;15.3
M1411T;16.33
M1411T;17.44
M1775R;0.21
M1775R;0.22
M1775R;0.43
S1423A;70.92
S1423A;81.59
S1423A;82.76
S1457A ;99.2
S1457A ;101.18
S1457A ;109.85
S1466A;82.48
S1466A;93.21
S1466A;102.6
S1524A;70.81
S1524A;88.3
S1524A;99.24
S1542A;93.58
S1542A;95.36
S1542A;109.56
S1613G;115.76
S1613G;119.33
S1613G;119.63
WT;87.15
WT;99.84
WT;113
Y1853X;0.2
Y1853X;0.21
Y1853X;0.41
C1697R;0.1703
C1697R;0.1782
C1697R;0.1805
F1695L;16.344
F1695L;17.989
F1695L;19.006
G1706E;45.186
G1706E;45.502
G1706E;47.056
G1788V;0.2267
G1788V;0.2524
G1788V;0.2555
L1664P;1.788
L1664P;18.659
L1664P;1.939
M1652I;14.564
M1652I;15.541
M1652I;16.487
M1775R;0.2195
M1775R;0.224
M1775R;0.241
R1699L;0.4859
R1699L;0.4909
R1699L;15.116
R1699Q;0.1044
R1699Q;0.1068
R1699Q;0.1212
R1751Q;14.403
R1751Q;14.637
R1751Q;16.002
S1715R;0.1779
S1715R;0.1996
S1715R;0.2037
WT;17.449
WT;17.596
WT;18.466
Y1853X;0.1697
Y1853X;0.1768
Y1853X;0.1862
M1775R;0.1656
M1775R;0.1798
M1775R;0.2052
R1699L;0.3548
R1699L;0.7826
R1699L;21.429
WT;14.735
WT;15.065
WT;16.328
Y1853X;0.1574
Y1853X;0.1662
Y1853X;0.1787
M1689R;0.208864577
M1689R;0.210106001
M1689R;0.214723746
M1775R;0.232574016
M1775R;0.243800801
M1775R;0.249360696
WT;190.310.189
WT;1.922.315.776
WT;2.003.573.506
Y1853X;0.225145248
Y1853X;0.234296631
Y1853X;0.256022774
WT;1.596.528.185
WT;176.188.289
WT;9.082.629.837
WT;912.958
WT;9.227.552.782
WT;9.343.491.138
WT;965.186.816
WT;999.966
WT;1.005.622.694
WT;1.026.563
WT;1.057.386
WT;1.060.028.193
WT;1.060.479
WT;1.069.035
WT;1.094.292
WT;1.170.475
WT;1.217.999
Y1853X;1.006.858.102
Y1853X;1.032.516.591
Y1853X;114.223
Y1853X;123.604
Y1853X;1.527.155.234
Y1853X;219.168
WT;829.657
WT;899.906
WT;1.029.009
WT;1.052.791
WT;1.057.286
WT;1.074.901
WT;1.092.829
WT;1.111.384
WT;1.117.552
Y1853X;82.741
Y1853X;102.394
Y1853X;113.893
M1775R;0.6807
M1775R;0.7382
M1775R;0.739
R1699W;12.343
R1699W;12.406
R1699W;12.475
WT;4.684
WT;49.882
WT;51.633
D1733Y;68.33
D1733Y;92.69
D1733Y;124.4
D1813H;44.99
D1813H;45.74
D1813H;46.63
E1660V;82.92
E1660V;85.27
E1660V;85.87
E1731D;45.39
E1731D;47.27
E1731D;48.12
E1754V;107.69
E1754V;117.15
E1754V;117.47
E1765K;41.63
E1765K;74.49
E1765K;77.47
H1805L;61.23
H1805L;67.67
H1805L;69.04
L1679Q;71.47
L1679Q;79.53
L1679Q;93.94
L1844P;56.38
L1844P;58.92
L1844P;61.5
M1775R;0.36
M1775R;0.36
M1775R;0.4
S1790Y;134.14
S1790Y;135.79
S1790Y;136.53
WT;87.38
WT;90.5
WT;122.13
Y1853X;0.39
Y1853X;0.4
Y1853X;0.41
G1770V;1.1
G1770V;1.1
G1770V;1.21
H1421R;75.95
H1421R;77.38
H1421R;84.54
H1421Y;334.51
H1421Y;339.58
H1421Y;357.79
M1775R;0.88
M1775R;0.95
M1775R;0.96
V1838E;0.84
V1838E;0.89
V1838E;0.95
V1838G;0.94
V1838G;0.95
V1838G;0.99
WT;97.55
WT;100.27
WT;102.18
G1770V;1.38
G1770V;1.47
G1770V;1.48
H1421R;66.17
H1421R;69.56
H1421R;78.38
H1421Y;242.1
H1421Y;263.6
H1421Y;268.8
M1775R;1.39
M1775R;1.4
M1775R;2.49
V1838E;1.32
V1838E;1.5
V1838E;1.5
V1838G;1.42
V1838G;1.43
V1838G;1.44
WT;99.41
WT;100.3
WT;100.3
V1838E;1.34
V1838E;1.42
V1838E;1.43
V1838G;1.31
V1838G;1.41
V1838G;1.49
WT;94.49
WT;99.28
WT;106.2